method,path,file,obvious_consumer
POST,/advanced/farms/{farm_id}/geo-assets,backend/app/routers/advanced.py,False
GET,/advanced/farms/{farm_id}/geo-assets,backend/app/routers/advanced.py,True
POST,/advanced/farms/{farm_id}/geo/import,backend/app/routers/advanced.py,False
POST,/advanced/farms/{farm_id}/pasture,backend/app/routers/advanced.py,False
GET,/advanced/farms/{farm_id}/pasture/dashboard,backend/app/routers/advanced.py,True
POST,/advanced/farms/{farm_id}/agriculture,backend/app/routers/advanced.py,False
GET,/advanced/farms/{farm_id}/agriculture/dashboard,backend/app/routers/advanced.py,True
PUT,/advanced/farms/{farm_id}/genetics,backend/app/routers/advanced.py,False
GET,/advanced/farms/{farm_id}/genetics/ranking,backend/app/routers/advanced.py,True
GET,/advanced/farms/{farm_id}/genetics/{animal_id}/pedigree,backend/app/routers/advanced.py,False
POST,/advanced/farms/{farm_id}/genetics/mating-simulator,backend/app/routers/advanced.py,False
POST,/advanced/farms/{farm_id}/ai/forecast,backend/app/routers/advanced.py,True
GET,/advanced/farms/{farm_id}/advanced-dashboard,backend/app/routers/advanced.py,True
POST,/ai/conversations,backend/app/routers/ai.py,True
GET,/ai/conversations,backend/app/routers/ai.py,True
POST,/ai/conversations/{conversation_id}/messages,backend/app/routers/ai.py,True
GET,/ai/conversations/{conversation_id}/messages,backend/app/routers/ai.py,True
POST,/ai/analyze/{area},backend/app/routers/ai.py,True
GET,/ai/recommendations,backend/app/routers/ai.py,True
PATCH,/ai/recommendations/{recommendation_id}/review,backend/app/routers/ai.py,False
POST,/ai/executive,backend/app/routers/ai.py,True
POST,/ai-operational/farms/{farm_id}/context,backend/app/routers/ai_operational.py,True
POST,/ai-operational/farms/{farm_id}/recommendations,backend/app/routers/ai_operational.py,True
POST,/ai-operational/recommendations/{recommendation_id}/decision,backend/app/routers/ai_operational.py,True
POST,/ai-operational/farms/{farm_id}/memory,backend/app/routers/ai_operational.py,True
POST,/ai-operational/farms/{farm_id}/simulate,backend/app/routers/ai_operational.py,True
POST,/ai-operational/farms/{farm_id}/automations,backend/app/routers/ai_operational.py,True
POST,/ai-operational/automations/{automation_id}/approve,backend/app/routers/ai_operational.py,False
POST,/ai-operational/governance/models,backend/app/routers/ai_operational.py,False
POST,/ai-operational/governance/models/{model_id}/approve,backend/app/routers/ai_operational.py,False
POST,/analytics/warehouse/refresh,backend/app/routers/analytics.py,True
GET,/analytics/facts,backend/app/routers/analytics.py,False
POST,/analytics/kpis,backend/app/routers/analytics.py,True
GET,/analytics/kpis,backend/app/routers/analytics.py,True
POST,/analytics/goals,backend/app/routers/analytics.py,True
GET,/analytics/goals,backend/app/routers/analytics.py,True
PATCH,/analytics/goals/{goal_id},backend/app/routers/analytics.py,True
POST,/analytics/goals/recalculate,backend/app/routers/analytics.py,False
POST,/analytics/benchmarks/{metric_key},backend/app/routers/analytics.py,False
GET,/analytics/benchmarks,backend/app/routers/analytics.py,False
POST,/analytics/farm-score/{farm_id},backend/app/routers/analytics.py,True
GET,/analytics/farm-score/{farm_id},backend/app/routers/analytics.py,True
GET,/analytics/dashboard,backend/app/routers/analytics.py,True
GET,/animal-media/{animal_id},backend/app/routers/animal_media.py,True
POST,/animal-media/{animal_id},backend/app/routers/animal_media.py,True
POST,/animal-media/{animal_id}/reference,backend/app/routers/animal_media.py,True
PATCH,/animal-media/{animal_id}/{media_id},backend/app/routers/animal_media.py,True
PUT,/animal-media/{animal_id}/{media_id}/content,backend/app/routers/animal_media.py,False
GET,/animal-media/{animal_id}/{media_id}/content,backend/app/routers/animal_media.py,False
DELETE,/animal-media/{animal_id}/{media_id},backend/app/routers/animal_media.py,True
GET,/animals,backend/app/routers/animals.py,True
GET,/animals/{animal_id}/genealogy,backend/app/routers/animals.py,True
GET,/animals/{animal_id}/history,backend/app/routers/animals.py,True
GET,/animals/{animal_id}/timeline,backend/app/routers/animals.py,False
GET,/animals/{animal_id},backend/app/routers/animals.py,True
POST,/animals,backend/app/routers/animals.py,True
PATCH,/animals/{animal_id},backend/app/routers/animals.py,True
DELETE,/animals/{animal_id},backend/app/routers/animals.py,True
POST,/atlas-ai/sessions,backend/app/routers/atlas_ai_enterprise.py,False
GET,/atlas-ai/sessions,backend/app/routers/atlas_ai_enterprise.py,False
POST,/atlas-ai/chat,backend/app/routers/atlas_ai_enterprise.py,True
GET,/atlas-ai/sessions/{session_id}/messages,backend/app/routers/atlas_ai_enterprise.py,False
POST,/atlas-ai/memories,backend/app/routers/atlas_ai_enterprise.py,False
GET,/atlas-ai/memories,backend/app/routers/atlas_ai_enterprise.py,False
POST,/atlas-ai/plans,backend/app/routers/atlas_ai_enterprise.py,True
GET,/atlas-ai/plans,backend/app/routers/atlas_ai_enterprise.py,True
GET,/atlas-ai/recommendations,backend/app/routers/atlas_ai_enterprise.py,True
PATCH,/atlas-ai/recommendations/{recommendation_id}/status,backend/app/routers/atlas_ai_enterprise.py,False
POST,/atlas-ai/knowledge/documents,backend/app/routers/atlas_ai_enterprise.py,False
GET,/atlas-ai/knowledge/documents,backend/app/routers/atlas_ai_enterprise.py,False
GET,/atlas-ai/dashboard,backend/app/routers/atlas_ai_enterprise.py,True
GET,/atlas-brain/readiness,backend/app/routers/atlas_brain.py,False
GET,/atlas-vision/readiness,backend/app/routers/atlas_vision.py,False
GET,/audit,backend/app/routers/audit.py,True
POST,/auth/register,backend/app/routers/auth.py,True
POST,/auth/confirm-email,backend/app/routers/auth.py,True
POST,/auth/login,backend/app/routers/auth.py,True
POST,/auth/mfa/challenge,backend/app/routers/auth.py,True
POST,/auth/refresh,backend/app/routers/auth.py,True
POST,/auth/logout,backend/app/routers/auth.py,True
GET,/auth/sessions,backend/app/routers/auth.py,False
DELETE,/auth/sessions/{session_id},backend/app/routers/auth.py,False
POST,/auth/password/request,backend/app/routers/auth.py,True
POST,/auth/password/confirm,backend/app/routers/auth.py,True
POST,/auth/mfa/setup,backend/app/routers/auth.py,True
POST,/auth/mfa/verify,backend/app/routers/auth.py,True
DELETE,/auth/mfa,backend/app/routers/auth.py,True
GET,/auth/security-events,backend/app/routers/auth.py,False
GET,/auth/me,backend/app/routers/auth.py,True
POST,/auth/switch-company,backend/app/routers/auth.py,True
POST,/automation/rules,backend/app/routers/automation.py,True
GET,/automation/rules,backend/app/routers/automation.py,True
POST,/automation/events/execute,backend/app/routers/automation.py,False
POST,/automation/workflows,backend/app/routers/automation.py,False
GET,/automation/workflows,backend/app/routers/automation.py,False
POST,/automation/workflows/{workflow_id}/start,backend/app/routers/automation.py,False
POST,/automation/calendar,backend/app/routers/automation.py,True
GET,/automation/calendar,backend/app/routers/automation.py,True
POST,/automation/objectives,backend/app/routers/automation.py,True
GET,/automation/objectives,backend/app/routers/automation.py,True
POST,/automation/executive-digests,backend/app/routers/automation.py,False
GET,/automation/dashboard,backend/app/routers/automation.py,True
GET,/backups,backend/app/routers/backups.py,True
POST,/backups/run,backend/app/routers/backups.py,True
POST,/backups/{filename}/verify-restore,backend/app/routers/backups.py,False
GET,/billing/readiness,backend/app/routers/billing.py,False
POST,/business/parties,backend/app/routers/business.py,True
GET,/business/parties,backend/app/routers/business.py,True
POST,/business/commercial-documents,backend/app/routers/business.py,True
GET,/business/commercial-documents,backend/app/routers/business.py,True
GET,/business/commercial/dashboard,backend/app/routers/business.py,False
POST,/business/consulting/visits,backend/app/routers/business.py,False
GET,/business/consulting/visits,backend/app/routers/business.py,False
POST,/business/consulting/actions,backend/app/routers/business.py,False
PATCH,/business/consulting/actions/{action_id}/complete,backend/app/routers/business.py,False
GET,/business/consulting/dashboard,backend/app/routers/business.py,False
POST,/business/workflows,backend/app/routers/business.py,False
POST,/business/workflows/start,backend/app/routers/business.py,False
POST,/business/workflows/{instance_id}/decision,backend/app/routers/business.py,False
POST,/business/api-keys,backend/app/routers/business.py,False
POST,/business/webhooks,backend/app/routers/business.py,False
GET,/business/enterprise/readiness,backend/app/routers/business.py,False
GET,/business/bi/dashboard,backend/app/routers/business.py,True
POST,/business/bi/snapshots,backend/app/routers/business.py,False
POST,/business/subscriptions,backend/app/routers/business.py,False
GET,/business/product/readiness,backend/app/routers/business.py,True
GET,/business/dashboard,backend/app/routers/business.py,True
GET,/cloud-operations/readiness,backend/app/routers/cloud_operations.py,False
POST,/commercial/customers,backend/app/routers/commercial.py,True
GET,/commercial/customers,backend/app/routers/commercial.py,True
POST,/commercial/opportunities,backend/app/routers/commercial.py,True
GET,/commercial/opportunities,backend/app/routers/commercial.py,True
PATCH,/commercial/opportunities/{opportunity_id},backend/app/routers/commercial.py,True
POST,/commercial/proposals,backend/app/routers/commercial.py,False
GET,/commercial/proposals,backend/app/routers/commercial.py,False
PATCH,/commercial/proposals/{proposal_id}/status,backend/app/routers/commercial.py,False
POST,/commercial/contracts,backend/app/routers/commercial.py,False
PATCH,/commercial/contracts/{contract_id}/sign,backend/app/routers/commercial.py,False
POST,/commercial/plans,backend/app/routers/commercial.py,True
GET,/commercial/plans,backend/app/routers/commercial.py,True
POST,/commercial/subscriptions,backend/app/routers/commercial.py,False
GET,/commercial/subscriptions,backend/app/routers/commercial.py,False
POST,/commercial/invoices,backend/app/routers/commercial.py,True
GET,/commercial/invoices,backend/app/routers/commercial.py,True
PATCH,/commercial/invoices/{invoice_id}/pay,backend/app/routers/commercial.py,False
POST,/commercial/notifications/due,backend/app/routers/commercial.py,False
GET,/commercial/dashboard,backend/app/routers/commercial.py,True
GET,/companies,backend/app/routers/companies.py,True
GET,/companies/{company_id},backend/app/routers/companies.py,True
POST,/companies,backend/app/routers/companies.py,True
PATCH,/companies/{company_id},backend/app/routers/companies.py,True
GET,/core-validation/farms/{farm_id},backend/app/routers/core_livestock_validation.py,False
POST,/corporate-intelligence/plans,backend/app/routers/corporate_intelligence.py,False
POST,/corporate-intelligence/scenarios,backend/app/routers/corporate_intelligence.py,False
GET,/corporate-intelligence/executive-board,backend/app/routers/corporate_intelligence.py,False
POST,/data-platform/events,backend/app/routers/data_platform.py,False
POST,/data-platform/events/publish,backend/app/routers/data_platform.py,False
POST,/data-platform/warehouse/dimensions,backend/app/routers/data_platform.py,False
POST,/data-platform/warehouse/facts,backend/app/routers/data_platform.py,False
POST,/data-platform/kpis/definitions,backend/app/routers/data_platform.py,True
POST,/data-platform/kpis/observations,backend/app/routers/data_platform.py,False
POST,/data-platform/benchmarks/cohorts,backend/app/routers/data_platform.py,False
POST,/data-platform/benchmarks/generate,backend/app/routers/data_platform.py,True
POST,/data-platform/reports,backend/app/routers/data_platform.py,True
POST,/data-platform/realtime/metrics,backend/app/routers/data_platform.py,True
GET,/data-platform/realtime/metrics,backend/app/routers/data_platform.py,True
POST,/data-platform/cache,backend/app/routers/data_platform.py,False
GET,/data-platform/cache/{key},backend/app/routers/data_platform.py,False
POST,/data-platform/jobs,backend/app/routers/data_platform.py,False
POST,/data-platform/jobs/claim,backend/app/routers/data_platform.py,False
GET,/data-platform/dashboard,backend/app/routers/data_platform.py,True
POST,/ecosystem/partners,backend/app/routers/ecosystem.py,False
GET,/ecosystem/partners,backend/app/routers/ecosystem.py,False
POST,/ecosystem/support,backend/app/routers/ecosystem.py,False
GET,/ecosystem/dashboard,backend/app/routers/ecosystem.py,False
GET,/enterprise-analytics/readiness,backend/app/routers/enterprise_analytics.py,False
POST,/enterprise-operations/consulting/visits,backend/app/routers/enterprise_operations.py,True
POST,/enterprise-operations/teams,backend/app/routers/enterprise_operations.py,True
POST,/enterprise-operations/assets/usage,backend/app/routers/enterprise_operations.py,True
POST,/enterprise-operations/purchases,backend/app/routers/enterprise_operations.py,True
POST,/enterprise-operations/sales,backend/app/routers/enterprise_operations.py,True
POST,/enterprise-operations/crm/leads,backend/app/routers/enterprise_operations.py,True
POST,/enterprise-operations/support/tickets,backend/app/routers/enterprise_operations.py,True
POST,/enterprise-operations/workflows/definitions,backend/app/routers/enterprise_operations.py,True
POST,/enterprise-operations/workflows/{definition_id}/start,backend/app/routers/enterprise_operations.py,False
POST,/enterprise-operations/documents,backend/app/routers/enterprise_operations.py,True
GET,/enterprise-operations/dashboard,backend/app/routers/enterprise_operations.py,True
GET,/sprints-16-20/dashboard,backend/app/routers/enterprise_product.py,True
POST,/sprints-16-20/billing/subscriptions,backend/app/routers/enterprise_product.py,False
POST,/sprints-16-20/billing/webhooks/{provider},backend/app/routers/enterprise_product.py,False
POST,/sprints-16-20/public-api/apps,backend/app/routers/enterprise_product.py,False
GET,/sprints-16-20/public-api/openapi-contract,backend/app/routers/enterprise_product.py,False
POST,/sprints-16-20/analytics/datasets,backend/app/routers/enterprise_product.py,False
POST,/sprints-16-20/analytics/facts,backend/app/routers/enterprise_product.py,False
GET,/sprints-16-20/analytics/kpis,backend/app/routers/enterprise_product.py,True
POST,/sprints-16-20/ml/models,backend/app/routers/enterprise_product.py,False
PATCH,/sprints-16-20/ml/models/{model_id}/approve,backend/app/routers/enterprise_product.py,False
POST,/sprints-16-20/ml/models/{model_id}/predict,backend/app/routers/enterprise_product.py,False
POST,/sprints-16-20/enterprise/releases,backend/app/routers/enterprise_product.py,False
GET,/sprints-16-20/enterprise/readiness,backend/app/routers/enterprise_product.py,True
GET,/enterprise-release/readiness,backend/app/routers/enterprise_release.py,False
POST,/farm-operations/farms/{farm_id}/work-orders,backend/app/routers/farm_operations.py,False
PATCH,/farm-operations/work-orders/{work_order_id}/complete,backend/app/routers/farm_operations.py,False
POST,/farm-operations/farms/{farm_id}/assets,backend/app/routers/farm_operations.py,False
GET,/farm-operations/farms/{farm_id}/dashboard,backend/app/routers/farm_operations.py,True
GET,/farm-operations/farms/{farm_id}/work-orders,backend/app/routers/farm_operations.py,False
DELETE,/farm-operations/work-orders/{work_order_id},backend/app/routers/farm_operations.py,False
GET,/farms,backend/app/routers/farms.py,True
GET,/farms/{farm_id},backend/app/routers/farms.py,True
POST,/farms,backend/app/routers/farms.py,True
PATCH,/farms/{farm_id},backend/app/routers/farms.py,True
DELETE,/farms/{farm_id},backend/app/routers/farms.py,True
POST,/finance-enterprise/farms/{farm_id}/budgets,backend/app/routers/finance_enterprise.py,False
GET,/finance-enterprise/farms/{farm_id}/dashboard,backend/app/routers/finance_enterprise.py,False
PUT,/global-platform/localization,backend/app/routers/global_platform.py,False
POST,/global-platform/certifications,backend/app/routers/global_platform.py,False
POST,/global-platform/training,backend/app/routers/global_platform.py,False
GET,/global-platform/readiness,backend/app/routers/global_platform.py,False
POST,/governance/policies,backend/app/routers/governance.py,False
GET,/governance/policies,backend/app/routers/governance.py,False
POST,/governance/catalog/assets,backend/app/routers/governance.py,True
GET,/governance/catalog/assets,backend/app/routers/governance.py,True
POST,/governance/quality/rules,backend/app/routers/governance.py,False
POST,/governance/quality/assets/{asset_id}/run,backend/app/routers/governance.py,False
GET,/governance/quality/runs,backend/app/routers/governance.py,False
POST,/governance/compliance/controls,backend/app/routers/governance.py,False
GET,/governance/compliance/controls,backend/app/routers/governance.py,False
POST,/governance/compliance/controls/{control_id}/assess,backend/app/routers/governance.py,False
GET,/governance/compliance/score,backend/app/routers/governance.py,True
POST,/governance/health/snapshots,backend/app/routers/governance.py,False
GET,/governance/health/summary,backend/app/routers/governance.py,True
POST,/governance/incidents,backend/app/routers/governance.py,True
GET,/governance/incidents,backend/app/routers/governance.py,True
GET,/governance/dashboard,backend/app/routers/governance.py,True
GET,/health,backend/app/routers/health.py,True
GET,/health/live,backend/app/routers/health.py,False
GET,/health/ready,backend/app/routers/health.py,True
POST,/health-intelligence/farms/{farm_id}/medicines,backend/app/routers/health_intelligence.py,False
POST,/health-intelligence/farms/{farm_id}/occurrences,backend/app/routers/health_intelligence.py,False
GET,/health-intelligence/farms/{farm_id}/dashboard,backend/app/routers/health_intelligence.py,True
GET,/sprints/brain/farms/{farm_id}/context,backend/app/routers/innovation_platform.py,True
POST,/sprints/brain/farms/{farm_id}/agents/{agent},backend/app/routers/innovation_platform.py,False
POST,/sprints/brain/farms/{farm_id}/simulate,backend/app/routers/innovation_platform.py,False
POST,/sprints/brain/farms/{farm_id}/weekly-plan,backend/app/routers/innovation_platform.py,True
POST,/sprints/brain/farms/{farm_id}/memory,backend/app/routers/innovation_platform.py,False
POST,/sprints/vision/farms/{farm_id}/analyze,backend/app/routers/innovation_platform.py,False
GET,/sprints/vision/farms/{farm_id}/analyses,backend/app/routers/innovation_platform.py,False
POST,/sprints/iot/farms/{farm_id}/devices,backend/app/routers/innovation_platform.py,False
POST,/sprints/iot/devices/{device_id}/telemetry,backend/app/routers/innovation_platform.py,False
GET,/sprints/iot/farms/{farm_id}/dashboard,backend/app/routers/innovation_platform.py,True
POST,/sprints/cloud/jobs,backend/app/routers/innovation_platform.py,False
GET,/sprints/cloud/readiness,backend/app/routers/innovation_platform.py,True
PUT,/sprints/web/workspace,backend/app/routers/innovation_platform.py,False
GET,/sprints/web/dashboard,backend/app/routers/innovation_platform.py,True
GET,/sprints/dashboard,backend/app/routers/innovation_platform.py,True
POST,/integrations/providers,backend/app/routers/integrations.py,True
GET,/integrations/providers,backend/app/routers/integrations.py,True
POST,/integrations/connections,backend/app/routers/integrations.py,True
GET,/integrations/connections,backend/app/routers/integrations.py,True
POST,/integrations/sync-jobs,backend/app/routers/integrations.py,True
PATCH,/integrations/sync-jobs/{job_id}/complete,backend/app/routers/integrations.py,False
GET,/integrations/sync-jobs,backend/app/routers/integrations.py,True
POST,/integrations/webhooks,backend/app/routers/integrations.py,True
GET,/integrations/webhooks,backend/app/routers/integrations.py,True
POST,/integrations/webhooks/events,backend/app/routers/integrations.py,False
GET,/integrations/webhooks/deliveries,backend/app/routers/integrations.py,True
POST,/integrations/partners/applications,backend/app/routers/integrations.py,True
GET,/integrations/partners/applications,backend/app/routers/integrations.py,True
POST,/integrations/usage,backend/app/routers/integrations.py,False
GET,/integrations/usage/summary,backend/app/routers/integrations.py,False
GET,/integrations/dashboard,backend/app/routers/integrations.py,True
POST,/inventory-enterprise/farms/{farm_id}/counts,backend/app/routers/inventory_enterprise.py,False
GET,/inventory-enterprise/farms/{farm_id}/dashboard,backend/app/routers/inventory_enterprise.py,False
POST,/iot/gateways,backend/app/routers/iot.py,True
GET,/iot/gateways,backend/app/routers/iot.py,True
POST,/iot/devices,backend/app/routers/iot.py,True
GET,/iot/devices,backend/app/routers/iot.py,True
POST,/iot/telemetry/ingest,backend/app/routers/iot.py,False
GET,/iot/telemetry,backend/app/routers/iot.py,True
POST,/iot/devices/{device_id}/commands,backend/app/routers/iot.py,True
GET,/iot/devices/{device_id}/commands,backend/app/routers/iot.py,False
POST,/iot/automation-rules,backend/app/routers/iot.py,False
GET,/iot/automation-rules,backend/app/routers/iot.py,False
GET,/iot/dashboard,backend/app/routers/iot.py,True
GET,/iot-platform/readiness,backend/app/routers/iot_platform.py,False
POST,/livestock/lots,backend/app/routers/livestock.py,True
GET,/livestock/lots,backend/app/routers/livestock.py,True
PATCH,/livestock/lots/{lot_id},backend/app/routers/livestock.py,True
DELETE,/livestock/lots/{lot_id},backend/app/routers/livestock.py,True
POST,/livestock/animals,backend/app/routers/livestock.py,True
GET,/livestock/animals,backend/app/routers/livestock.py,True
GET,/livestock/animals/{animal_id}/timeline,backend/app/routers/livestock.py,True
GET,/livestock/animals/{animal_id},backend/app/routers/livestock.py,True
PATCH,/livestock/animals/{animal_id},backend/app/routers/livestock.py,True
DELETE,/livestock/animals/{animal_id},backend/app/routers/livestock.py,True
POST,/livestock/animals/{animal_id}/movements,backend/app/routers/livestock.py,True
GET,/livestock/animals/{animal_id}/movements,backend/app/routers/livestock.py,True
POST,/livestock/animals/{animal_id}/weights,backend/app/routers/livestock.py,True
PATCH,/livestock/animals/{animal_id}/weights/{weight_id},backend/app/routers/livestock.py,False
DELETE,/livestock/animals/{animal_id}/weights/{weight_id},backend/app/routers/livestock.py,False
GET,/livestock/animals/{animal_id}/weights,backend/app/routers/livestock.py,True
POST,/livestock/animals/{animal_id}/reproduction,backend/app/routers/livestock.py,True
PATCH,/livestock/animals/{animal_id}/reproduction/{event_id},backend/app/routers/livestock.py,True
DELETE,/livestock/animals/{animal_id}/reproduction/{event_id},backend/app/routers/livestock.py,True
GET,/livestock/animals/{animal_id}/reproduction,backend/app/routers/livestock.py,True
GET,/livestock/reproduction/summary,backend/app/routers/livestock.py,True
POST,/livestock/health,backend/app/routers/livestock.py,True
PATCH,/livestock/health/{event_id},backend/app/routers/livestock.py,True
DELETE,/livestock/health/{event_id},backend/app/routers/livestock.py,True
GET,/livestock/health,backend/app/routers/livestock.py,True
POST,/livestock/health/protocols,backend/app/routers/livestock.py,True
GET,/livestock/health/protocols,backend/app/routers/livestock.py,True
POST,/livestock/health/protocols/{protocol_id}/apply,backend/app/routers/livestock.py,False
POST,/livestock/inventory/products,backend/app/routers/livestock.py,True
GET,/livestock/inventory/products,backend/app/routers/livestock.py,True
POST,/livestock/inventory/products/{product_id}/movements,backend/app/routers/livestock.py,False
POST,/livestock/finance,backend/app/routers/livestock.py,True
GET,/livestock/finance,backend/app/routers/livestock.py,True
POST,/livestock/nutrition,backend/app/routers/livestock.py,True
GET,/livestock/nutrition,backend/app/routers/livestock.py,True
GET,/livestock/dashboard,backend/app/routers/livestock.py,False
GET,/livestock/health/alerts,backend/app/routers/livestock.py,True
POST,/livestock/inventory/products/v2,backend/app/routers/livestock.py,True
POST,/livestock/inventory/products/{product_id}/movements/v2,backend/app/routers/livestock.py,True
GET,/livestock/inventory/products/{product_id}/movements,backend/app/routers/livestock.py,False
GET,/livestock/inventory/alerts,backend/app/routers/livestock.py,True
POST,/livestock/nutrition/ingredients,backend/app/routers/livestock.py,True
GET,/livestock/nutrition/ingredients,backend/app/routers/livestock.py,True
POST,/livestock/nutrition/plans,backend/app/routers/livestock.py,True
GET,/livestock/nutrition/plans,backend/app/routers/livestock.py,True
POST,/livestock/nutrition/lots/{lot_id}/consumption,backend/app/routers/livestock.py,True
DELETE,/livestock/nutrition/events/{event_id},backend/app/routers/livestock.py,True
GET,/livestock/nutrition/performance,backend/app/routers/livestock.py,True
GET,/livestock/integrity/reconciliation,backend/app/routers/livestock.py,True
POST,/livestock/intelligence/smart-agenda/reconcile,backend/app/routers/livestock.py,True
GET,/livestock/intelligence/operational-alerts,backend/app/routers/livestock.py,True
GET,/livestock/intelligence/operational-summary,backend/app/routers/livestock.py,True
POST,/livestock/finance/v2,backend/app/routers/livestock.py,True
PATCH,/livestock/finance/{entry_id}/settle,backend/app/routers/livestock.py,False
GET,/livestock/finance/v2,backend/app/routers/livestock.py,True
GET,/livestock/finance/summary,backend/app/routers/livestock.py,True
GET,/livestock/finance/cash-flow,backend/app/routers/livestock.py,False
GET,/livestock/paddocks,backend/app/routers/livestock.py,True
POST,/livestock/paddocks,backend/app/routers/livestock.py,True
PATCH,/livestock/paddocks/{paddock_id},backend/app/routers/livestock.py,True
DELETE,/livestock/paddocks/{paddock_id},backend/app/routers/livestock.py,True
PATCH,/livestock/inventory/products/{product_id}/v2,backend/app/routers/livestock.py,True
DELETE,/livestock/inventory/products/{product_id}/v2,backend/app/routers/livestock.py,True
PATCH,/livestock/nutrition/plans/{plan_id},backend/app/routers/livestock.py,True
DELETE,/livestock/nutrition/plans/{plan_id},backend/app/routers/livestock.py,True
PATCH,/livestock/finance/v2/{entry_id},backend/app/routers/livestock.py,True
DELETE,/livestock/finance/v2/{entry_id},backend/app/routers/livestock.py,True
GET,/machine-learning-registry/readiness,backend/app/routers/machine_learning_registry.py,False
GET,/members/catalog,backend/app/routers/members.py,True
GET,/members,backend/app/routers/members.py,True
POST,/members,backend/app/routers/members.py,True
PATCH,/members/{membership_id},backend/app/routers/members.py,True
POST,/members/{membership_id}/reset-password,backend/app/routers/members.py,False
POST,/ml/datasets,backend/app/routers/ml.py,True
GET,/ml/datasets,backend/app/routers/ml.py,True
POST,/ml/features,backend/app/routers/ml.py,False
GET,/ml/features,backend/app/routers/ml.py,False
POST,/ml/training-runs,backend/app/routers/ml.py,False
PATCH,/ml/training-runs/{run_id}/complete,backend/app/routers/ml.py,False
GET,/ml/training-runs,backend/app/routers/ml.py,False
POST,/ml/models,backend/app/routers/ml.py,True
GET,/ml/models,backend/app/routers/ml.py,True
POST,/ml/deployments,backend/app/routers/ml.py,True
GET,/ml/deployments,backend/app/routers/ml.py,True
POST,/ml/deployments/{deployment_id}/predict,backend/app/routers/ml.py,False
GET,/ml/predictions,backend/app/routers/ml.py,True
POST,/ml/predictions/{prediction_id}/feedback,backend/app/routers/ml.py,False
POST,/ml/deployments/{deployment_id}/drift,backend/app/routers/ml.py,False
GET,/ml/deployments/{deployment_id}/drift,backend/app/routers/ml.py,False
GET,/ml/dashboard,backend/app/routers/ml.py,True
POST,/nutrition-intelligence/farms/{farm_id}/simulations,backend/app/routers/nutrition_intelligence.py,False
GET,/nutrition-intelligence/farms/{farm_id}/dashboard,backend/app/routers/nutrition_intelligence.py,True
POST,/offline/devices/register,backend/app/routers/offline_sync.py,True
POST,/offline/push-batch,backend/app/routers/offline_sync.py,True
GET,/offline/pull-page,backend/app/routers/offline_sync.py,True
GET,/offline/conflicts,backend/app/routers/offline_sync.py,True
POST,/offline/conflicts/{conflict_id}/resolve,backend/app/routers/offline_sync.py,True
POST,/offline/diagnostics,backend/app/routers/offline_sync.py,True
GET,/offline/status,backend/app/routers/offline_sync.py,True
POST,/operations/conflicts/{entity_type}/{entity_id}/resolve,backend/app/routers/operations.py,False
GET,/operations/timeline,backend/app/routers/operations.py,True
POST,/operations/alerts/generate,backend/app/routers/operations.py,True
GET,/operations/alerts,backend/app/routers/operations.py,True
POST,/operations/alerts/{alert_id}/task,backend/app/routers/operations.py,True
POST,/operations/tasks,backend/app/routers/operations.py,True
GET,/operations/tasks,backend/app/routers/operations.py,True
PATCH,/operations/tasks/{task_id},backend/app/routers/operations.py,True
POST,/operations/indicators/generate,backend/app/routers/operations.py,True
GET,/operations/indicators,backend/app/routers/operations.py,True
GET,/operations/exports/{dataset}.csv,backend/app/routers/operations.py,False
GET,/operations/reports/executive,backend/app/routers/operations.py,True
GET,/platform/dashboard/farms/{farm_id},backend/app/routers/platform.py,True
GET,/platform/dashboard/company,backend/app/routers/platform.py,True
GET,/platform/ai/context/farms/{farm_id},backend/app/routers/platform.py,True
GET,/platform/ai/recommendations/farms/{farm_id},backend/app/routers/platform.py,False
POST,/platform/ai/recommendations/{recommendation_id}/decision,backend/app/routers/platform.py,True
POST,/platform/automations/farms/{farm_id}/bootstrap,backend/app/routers/platform.py,True
POST,/platform/automations/farms/{farm_id}/evaluate,backend/app/routers/platform.py,True
GET,/platform/security/permission-matrix,backend/app/routers/platform.py,False
GET,/platform/security/readiness/farms/{farm_id},backend/app/routers/platform.py,True
GET,/platform/production/readiness,backend/app/routers/platform.py,True
POST,/precision-hub/adapters,backend/app/routers/precision_hub.py,False
POST,/precision-hub/farms/{farm_id}/devices,backend/app/routers/precision_hub.py,False
POST,/precision-hub/farms/{farm_id}/rfid-bindings,backend/app/routers/precision_hub.py,False
POST,/precision-hub/devices/{device_id}/telemetry,backend/app/routers/precision_hub.py,False
POST,/precision-hub/farms/{farm_id}/geofences,backend/app/routers/precision_hub.py,False
POST,/precision-hub/farms/{farm_id}/geo-assets,backend/app/routers/precision_hub.py,False
POST,/precision-hub/farms/{farm_id}/vision,backend/app/routers/precision_hub.py,False
POST,/precision-hub/vision/{analysis_id}/review,backend/app/routers/precision_hub.py,False
POST,/precision-hub/farms/{farm_id}/remote-sensing/scenes,backend/app/routers/precision_hub.py,False
GET,/precision-hub/farms/{farm_id}/dashboard,backend/app/routers/precision_hub.py,True
POST,/precision-livestock/farms/{farm_id}/assessments,backend/app/routers/precision_livestock.py,False
GET,/precision-livestock/farms/{farm_id}/dashboard,backend/app/routers/precision_livestock.py,True
GET,/public-api/readiness,backend/app/routers/public_api.py,False
GET,/quality/version,backend/app/routers/quality.py,True
GET,/quality/diagnostics,backend/app/routers/quality.py,True
GET,/quality/ready,backend/app/routers/quality.py,False
POST,/realtime/publish,backend/app/routers/realtime.py,False
GET,/realtime/events,backend/app/routers/realtime.py,False
POST,/realtime/notifications,backend/app/routers/realtime.py,True
GET,/realtime/notifications,backend/app/routers/realtime.py,True
PATCH,/realtime/notifications/{notification_id}/read,backend/app/routers/realtime.py,True
POST,/realtime/subscriptions,backend/app/routers/realtime.py,False
GET,/realtime/metrics,backend/app/routers/realtime.py,True
POST,/release-engineering/pipelines,backend/app/routers/release_engineering.py,True
GET,/release-engineering/pipelines,backend/app/routers/release_engineering.py,True
POST,/release-engineering/builds,backend/app/routers/release_engineering.py,True
PATCH,/release-engineering/builds/{build_id}/complete,backend/app/routers/release_engineering.py,False
GET,/release-engineering/builds,backend/app/routers/release_engineering.py,True
POST,/release-engineering/environments,backend/app/routers/release_engineering.py,True
GET,/release-engineering/environments,backend/app/routers/release_engineering.py,True
POST,/release-engineering/deployments,backend/app/routers/release_engineering.py,True
PATCH,/release-engineering/deployments/{deployment_id}/complete,backend/app/routers/release_engineering.py,False
GET,/release-engineering/deployments,backend/app/routers/release_engineering.py,True
POST,/release-engineering/feature-flags,backend/app/routers/release_engineering.py,False
GET,/release-engineering/feature-flags,backend/app/routers/release_engineering.py,False
POST,/release-engineering/change-approvals,backend/app/routers/release_engineering.py,True
PATCH,/release-engineering/change-approvals/{approval_id}/decision,backend/app/routers/release_engineering.py,False
GET,/release-engineering/change-approvals,backend/app/routers/release_engineering.py,True
POST,/release-engineering/readiness-checks,backend/app/routers/release_engineering.py,False
PATCH,/release-engineering/readiness-checks/{check_id}/complete,backend/app/routers/release_engineering.py,False
GET,/release-engineering/readiness,backend/app/routers/release_engineering.py,False
POST,/release-engineering/metrics,backend/app/routers/release_engineering.py,False
GET,/release-engineering/dashboard,backend/app/routers/release_engineering.py,True
POST,/release-growth/environments,backend/app/routers/release_growth.py,True
POST,/release-growth/pilots,backend/app/routers/release_growth.py,True
POST,/release-growth/mobile-profiles,backend/app/routers/release_growth.py,False
POST,/release-growth/web-releases,backend/app/routers/release_growth.py,False
POST,/release-growth/learning-paths,backend/app/routers/release_growth.py,False
POST,/release-growth/documentation,backend/app/routers/release_growth.py,False
POST,/release-growth/growth-experiments,backend/app/routers/release_growth.py,False
POST,/release-growth/capability-reviews,backend/app/routers/release_growth.py,False
POST,/release-growth/roadmaps,backend/app/routers/release_growth.py,False
POST,/release-growth/readiness,backend/app/routers/release_growth.py,True
GET,/release-growth/dashboard,backend/app/routers/release_growth.py,True
POST,/reproduction-advanced/farms/{farm_id}/protocols,backend/app/routers/reproduction_advanced.py,False
GET,/reproduction-advanced/farms/{farm_id}/protocols,backend/app/routers/reproduction_advanced.py,False
POST,/reproduction-advanced/farms/{farm_id}/seasons,backend/app/routers/reproduction_advanced.py,False
GET,/reproduction-advanced/farms/{farm_id}/dashboard,backend/app/routers/reproduction_advanced.py,True
POST,/saas-growth/plans,backend/app/routers/saas_growth.py,True
POST,/saas-growth/subscriptions,backend/app/routers/saas_growth.py,True
POST,/saas-growth/invoices,backend/app/routers/saas_growth.py,True
POST,/saas-growth/feature-flags,backend/app/routers/saas_growth.py,True
GET,/saas-growth/feature-flags/effective,backend/app/routers/saas_growth.py,True
POST,/saas-growth/communications/templates,backend/app/routers/saas_growth.py,True
POST,/saas-growth/communications/deliveries,backend/app/routers/saas_growth.py,False
POST,/saas-growth/onboarding,backend/app/routers/saas_growth.py,True
POST,/saas-growth/imports,backend/app/routers/saas_growth.py,True
POST,/saas-growth/exports,backend/app/routers/saas_growth.py,True
GET,/saas-growth/client-portal,backend/app/routers/saas_growth.py,True
GET,/saas-growth/admin/dashboard,backend/app/routers/saas_growth.py,True
POST,/security-compliance/roles,backend/app/routers/security_compliance.py,True
POST,/security-compliance/incidents,backend/app/routers/security_compliance.py,True
POST,/security-compliance/audit,backend/app/routers/security_compliance.py,True
GET,/security-compliance/audit/verify,backend/app/routers/security_compliance.py,True
POST,/security-compliance/privacy/requests,backend/app/routers/security_compliance.py,True
POST,/security-compliance/backups,backend/app/routers/security_compliance.py,True
POST,/security-compliance/availability-targets,backend/app/routers/security_compliance.py,False
POST,/security-compliance/translations,backend/app/routers/security_compliance.py,False
POST,/security-compliance/regional-policies,backend/app/routers/security_compliance.py,False
POST,/security-compliance/certifications,backend/app/routers/security_compliance.py,True
POST,/security-compliance/continuity-plans,backend/app/routers/security_compliance.py,True
GET,/security-compliance/dashboard,backend/app/routers/security_compliance.py,True
POST,/security-enterprise/policies,backend/app/routers/security_enterprise.py,True
GET,/security-enterprise/policies,backend/app/routers/security_enterprise.py,True
POST,/security-enterprise/access-reviews,backend/app/routers/security_enterprise.py,True
GET,/security-enterprise/access-reviews,backend/app/routers/security_enterprise.py,True
PATCH,/security-enterprise/access-reviews/{review_id}/complete,backend/app/routers/security_enterprise.py,False
POST,/security-enterprise/privacy/consents,backend/app/routers/security_enterprise.py,False
GET,/security-enterprise/privacy/consents,backend/app/routers/security_enterprise.py,False
POST,/security-enterprise/privacy/requests,backend/app/routers/security_enterprise.py,True
GET,/security-enterprise/privacy/requests,backend/app/routers/security_enterprise.py,True
POST,/security-enterprise/risks,backend/app/routers/security_enterprise.py,True
GET,/security-enterprise/risks,backend/app/routers/security_enterprise.py,True
POST,/security-enterprise/continuity/plans,backend/app/routers/security_enterprise.py,True
GET,/security-enterprise/continuity/plans,backend/app/routers/security_enterprise.py,True
POST,/security-enterprise/continuity/exercises,backend/app/routers/security_enterprise.py,False
PATCH,/security-enterprise/continuity/exercises/{exercise_id}/complete,backend/app/routers/security_enterprise.py,False
POST,/security-enterprise/posture/snapshots,backend/app/routers/security_enterprise.py,False
GET,/security-enterprise/dashboard,backend/app/routers/security_enterprise.py,True
POST,/sync/push,backend/app/routers/sync.py,True
GET,/sync/pull,backend/app/routers/sync.py,True
GET,/system/status,backend/app/routers/system.py,True
GET,/system/metrics,backend/app/routers/system.py,False
GET,/web-platform/readiness,backend/app/routers/web_platform.py,False
