screen,file,references,network_calls,uses_shared_preferences,action_callbacks,disabled_actions
AtlasEventAnalyticsScreen,lib/core/event_center/atlas_event_analytics_screen.dart,5,,False,1,0
AtlasEventCenterScreen,lib/core/event_center/atlas_event_center_screen.dart,5,,False,8,0
AtlasEventDetailScreen,lib/core/event_center/atlas_event_detail_screen.dart,4,,False,0,0
AtlasFoundationCenterScreen,lib/core/foundation/atlas_foundation_center_screen.dart,5,,False,0,0
AtlasIntegrationCoreScreen,lib/core/integration/atlas_integration_core_screen.dart,5,,False,3,0
AtlasOfflineCenterScreen,lib/core/offline/presentation/atlas_offline_center_screen.dart,5,,False,4,0
AtlasActionAttentionScreen,lib/core/operational_intelligence/action_plan/atlas_action_attention_screen.dart,5,,False,3,0
AtlasAgricultureScreen,lib/core/operational_intelligence/action_plan/atlas_agriculture_screen.dart,5,,False,12,0
AtlasAssetMaintenanceScreen,lib/core/operational_intelligence/action_plan/atlas_asset_maintenance_screen.dart,5,,False,17,0
AtlasClimateScreen,lib/core/operational_intelligence/action_plan/atlas_climate_screen.dart,5,,False,8,0
AtlasCommandCenterActionPlanScreen,lib/core/operational_intelligence/action_plan/atlas_command_center_action_plan_screen.dart,6,,False,40,0
AtlasCommercialScreen,lib/core/operational_intelligence/action_plan/atlas_commercial_screen.dart,5,,False,14,0
AtlasEconomicIntelligenceScreen,lib/core/operational_intelligence/action_plan/atlas_economic_intelligence_screen.dart,6,,False,8,0
AtlasEconomicScenarioScreen,lib/core/operational_intelligence/action_plan/atlas_economic_scenario_screen.dart,5,,False,3,0
AtlasEsgScreen,lib/core/operational_intelligence/action_plan/atlas_esg_screen.dart,5,,False,5,0
AtlasExecutionAuditScreen,lib/core/operational_intelligence/action_plan/atlas_execution_audit_screen.dart,6,,False,1,0
AtlasExecutionMeetingScreen,lib/core/operational_intelligence/action_plan/atlas_execution_meeting_screen.dart,5,,False,17,0
AtlasExecutionWeeklyReviewScreen,lib/core/operational_intelligence/action_plan/atlas_execution_weekly_review_screen.dart,5,,False,5,0
AtlasExecutive360Screen,lib/core/operational_intelligence/action_plan/atlas_executive_360_screen.dart,5,,False,3,0
AtlasExecutiveIntelligenceScreen,lib/core/operational_intelligence/action_plan/atlas_executive_intelligence_screen.dart,13,,False,1,0
AtlasFinancialManagementScreen,lib/core/operational_intelligence/action_plan/atlas_financial_management_screen.dart,5,,False,15,0
AtlasHealthIntelligenceScreen,lib/core/operational_intelligence/action_plan/atlas_health_intelligence_screen.dart,6,,False,16,0
AtlasHealthStrategyScreen,lib/core/operational_intelligence/action_plan/atlas_health_strategy_screen.dart,5,,False,7,0
AtlasInventoryManagementScreen,lib/core/operational_intelligence/action_plan/atlas_inventory_management_screen.dart,5,,False,30,0
AtlasMeetingDecisionMonitoringScreen,lib/core/operational_intelligence/action_plan/atlas_meeting_decision_monitoring_screen.dart,5,,False,2,0
AtlasNutritionIntelligenceScreen,lib/core/operational_intelligence/action_plan/atlas_nutrition_intelligence_screen.dart,6,,False,4,0
AtlasNutritionStrategyScreen,lib/core/operational_intelligence/action_plan/atlas_nutrition_strategy_screen.dart,5,,False,7,0
AtlasPastureManagementScreen,lib/core/operational_intelligence/action_plan/atlas_pasture_management_screen.dart,6,,False,4,0
AtlasPastureStrategyScreen,lib/core/operational_intelligence/action_plan/atlas_pasture_strategy_screen.dart,5,,False,8,0
AtlasPeopleManagementScreen,lib/core/operational_intelligence/action_plan/atlas_people_management_screen.dart,5,,False,14,0
AtlasReproductiveIntelligenceScreen,lib/core/operational_intelligence/action_plan/atlas_reproductive_intelligence_screen.dart,6,,False,15,0
AtlasReproductiveStrategyScreen,lib/core/operational_intelligence/action_plan/atlas_reproductive_strategy_screen.dart,5,,False,12,0
AtlasResultsIntelligenceScreen,lib/core/operational_intelligence/action_plan/atlas_results_intelligence_screen.dart,5,,False,7,0
AtlasStrategyPerformanceScreen,lib/core/operational_intelligence/action_plan/atlas_strategy_performance_screen.dart,5,,False,7,0
AtlasTeamManagementScreen,lib/core/operational_intelligence/action_plan/atlas_team_management_screen.dart,6,,False,9,0
AtlasCommandCenterDetailsScreen,lib/core/operational_intelligence/presentation/screens/atlas_command_center_details_screen.dart,5,,False,6,0
AtlasOperationalMemoryScreen,lib/core/operational_memory/atlas_operational_memory_screen.dart,5,,False,4,0
AtlasReleaseCandidateScreen,lib/core/release_candidate/atlas_release_candidate_screen.dart,5,,False,0,0
_LoadingScreen,lib/core/session/atlas_session_gate.dart,3,,False,2,0
_FailureScreen,lib/core/session/atlas_session_gate.dart,3,,False,2,0
AtlasSystemCenterScreen,lib/core/system_center/atlas_system_center_screen.dart,5,,False,1,0
AtlasActionPlanScreen,lib/features/action_plan/presentation/screens/atlas_action_plan_screen.dart,7,,False,4,0
AtlasBiDashboardScreen,lib/features/analytics/presentation/screens/atlas_bi_dashboard_screen.dart,4,,False,2,0
AnimalDetailScreen,lib/features/animal/presentation/screens/animal_detail_screen.dart,6,,False,19,0
AnimalFormScreen,lib/features/animal/presentation/screens/animal_form_screen.dart,8,,False,4,0
AnimalListScreen,lib/features/animal/presentation/screens/animal_list_screen.dart,5,,False,5,0
AnimalDocumentFormScreen,lib/features/animal_document/presentation/screens/animal_document_form_screen.dart,5,,False,6,0
AnimalDocumentListScreen,lib/features/animal_document/presentation/screens/animal_document_list_screen.dart,5,,False,6,0
AnimalEventFormScreen,lib/features/animal_event/presentation/screens/animal_event_form_screen.dart,6,,False,2,0
AnimalTimelineScreen,lib/features/animal_event/presentation/screens/animal_timeline_screen.dart,5,,False,8,0
AnimalExecutivePanelScreen,lib/features/animal_executive_panel/presentation/screens/animal_executive_panel_screen.dart,5,,False,1,0
AnimalGenealogyScreen,lib/features/animal_genealogy/presentation/screens/animal_genealogy_screen.dart,7,,False,3,0
AnimalHealthFormScreen,lib/features/animal_health/presentation/screens/animal_health_form_screen.dart,6,,False,4,0
AnimalHealthListScreen,lib/features/animal_health/presentation/screens/animal_health_list_screen.dart,8,,False,4,0
HealthOverviewScreen,lib/features/animal_health/presentation/screens/health_overview_screen.dart,7,,False,4,0
AnimalHealthEnterpriseScreen,lib/features/animal_health_enterprise/presentation/screens/animal_health_enterprise_screen.dart,5,,False,2,0
AnimalIntelligence360Screen,lib/features/animal_intelligence_360/presentation/screens/animal_intelligence_360_screen.dart,5,,True,7,0
AnimalMovementFormScreen,lib/features/animal_movement/presentation/screens/animal_movement_form_screen.dart,6,,False,2,0
AnimalMovementListScreen,lib/features/animal_movement/presentation/screens/animal_movement_list_screen.dart,6,,False,4,0
AnimalNutritionEnterpriseScreen,lib/features/animal_nutrition_enterprise/presentation/screens/animal_nutrition_enterprise_screen.dart,5,,False,6,0
AnimalOperationsCenterScreen,lib/features/animal_operations_center/presentation/screens/animal_operations_center_screen.dart,5,,False,7,0
AnimalPhotoFormScreen,lib/features/animal_photo/presentation/screens/animal_photo_form_screen.dart,6,,False,5,0
AnimalPhotoGalleryScreen,lib/features/animal_photo/presentation/screens/animal_photo_gallery_screen.dart,5,,False,8,0
AnimalPhotoComparisonScreen,lib/features/animal_photo/presentation/screens/animal_photo_gallery_screen.dart,3,,False,8,0
AnimalReproductionFormScreen,lib/features/animal_reproduction/presentation/screens/animal_reproduction_form_screen.dart,6,,False,4,0
AnimalReproductionListScreen,lib/features/animal_reproduction/presentation/screens/animal_reproduction_list_screen.dart,8,,False,5,0
ReproductionOverviewScreen,lib/features/animal_reproduction/presentation/screens/reproduction_overview_screen.dart,7,,False,4,0
AnimalReproductionEnterpriseScreen,lib/features/animal_reproduction_enterprise/presentation/screens/animal_reproduction_enterprise_screen.dart,5,,False,2,0
AnimalWeightFormScreen,lib/features/animal_weight/presentation/screens/animal_weight_form_screen.dart,6,,False,2,0
AnimalWeightListScreen,lib/features/animal_weight/presentation/screens/animal_weight_list_screen.dart,7,,False,4,0
AnimalWeightIntelligenceScreen,lib/features/animal_weight_intelligence/presentation/screens/animal_weight_intelligence_screen.dart,5,,False,2,0
AnimalZootechnicalDashboardScreen,lib/features/animal_zootechnical/presentation/screens/animal_zootechnical_dashboard_screen.dart,5,,False,2,0
AtlasAdvancedDashboardScreen,lib/features/atlas_advanced/presentation/screens/atlas_advanced_dashboard_screen.dart,4,,False,1,0
AtlasAdvancedAiScreen,lib/features/atlas_advanced_ai/presentation/screens/atlas_advanced_ai_screen.dart,5,,False,9,0
AtlasAiOperationActionsScreen,lib/features/atlas_ai/presentation/screens/atlas_ai_operation_actions_screen.dart,5,,False,3,0
AtlasAiScreen,lib/features/atlas_ai/presentation/screens/atlas_ai_screen.dart,5,,False,20,0
AtlasAiConversationScreen,lib/features/atlas_ai_2/presentation/screens/atlas_ai_conversation_screen.dart,4,,False,2,0
AtlasExecutiveAiScreen,lib/features/atlas_ai_2/presentation/screens/atlas_executive_ai_screen.dart,4,,False,1,0
AtlasAiEnterpriseScreen,lib/features/atlas_ai_enterprise/presentation/screens/atlas_ai_enterprise_screen.dart,4,,False,4,0
AtlasAuthSyncScreen,lib/features/atlas_auth_sync_enterprise/presentation/screens/atlas_auth_sync_screen.dart,5,,False,6,0
AtlasAutomationOperationsScreen,lib/features/atlas_automation_operations/presentation/screens/atlas_automation_operations_screen.dart,5,,False,8,0
AtlasAutonomousEnterpriseScreen,lib/features/atlas_autonomous_enterprise/presentation/screens/atlas_autonomous_enterprise_screen.dart,5,,False,9,0
AtlasBackendFoundationScreen,lib/features/atlas_backend_foundation/presentation/screens/atlas_backend_foundation_screen.dart,5,,False,6,0
AtlasBiBenchmarkScreen,lib/features/atlas_bi/presentation/screens/atlas_bi_benchmark_screen.dart,5,,False,2,0
AtlasBiForecastScreen,lib/features/atlas_bi/presentation/screens/atlas_bi_forecast_screen.dart,5,,False,1,0
AtlasBiHubScreen,lib/features/atlas_bi/presentation/screens/atlas_bi_hub_screen.dart,5,,False,22,0
AtlasBiManagementDashboardScreen,lib/features/atlas_bi/presentation/screens/atlas_bi_management_dashboard_screen.dart,3,,False,0,0
AtlasBiScreen,lib/features/atlas_bi/presentation/screens/atlas_bi_screen.dart,5,,False,2,0
AtlasBiAnalyticsScreen,lib/features/atlas_bi_analytics/presentation/screens/atlas_bi_analytics_screen.dart,5,,False,3,0
AtlasBusinessDashboardScreen,lib/features/atlas_business/presentation/screens/atlas_business_dashboard_screen.dart,4,,False,2,0
AtlasClimateEnterpriseScreen,lib/features/atlas_climate_enterprise/presentation/screens/atlas_climate_enterprise_screen.dart,5,,False,7,0
AtlasCloudSecurityScreen,lib/features/atlas_cloud_security_enterprise/presentation/screens/atlas_cloud_security_screen.dart,5,,False,8,0
AtlasCommercialEnterpriseScreen,lib/features/atlas_commercial_enterprise/presentation/screens/atlas_commercial_enterprise_screen.dart,5,,False,9,0
AtlasCommercialOperationsScreen,lib/features/atlas_commercial_operations/presentation/screens/atlas_commercial_operations_screen.dart,5,,False,9,0
AtlasCopilotScreen,lib/features/atlas_copilot/presentation/screens/atlas_copilot_screen.dart,12,,False,6,0
AtlasEnterprise50Screen,lib/features/atlas_enterprise_50/presentation/screens/atlas_enterprise_50_screen.dart,5,,False,10,0
AtlasEnterpriseOperationsScreen,lib/features/atlas_enterprise_operations/presentation/screens/atlas_enterprise_operations_screen.dart,10,,False,9,0
AtlasEnvironmentalAiScreen,lib/features/atlas_environmental_ai/presentation/screens/atlas_environmental_ai_screen.dart,5,,False,8,0
AtlasExecutiveIntelligenceScreen,lib/features/atlas_executive_intelligence/presentation/screens/atlas_executive_intelligence_screen.dart,13,,False,9,0
AtlasExecutivePlatformScreen,lib/features/atlas_executive_platform/presentation/screens/atlas_executive_platform_screen.dart,5,,False,8,0
AtlasFinanceEnterpriseScreen,lib/features/atlas_finance_enterprise/presentation/screens/atlas_finance_enterprise_screen.dart,5,,False,8,0
AtlasFinancialIntegrationsScreen,lib/features/atlas_financial_integrations/presentation/screens/atlas_financial_integrations_screen.dart,5,,False,9,0
AtlasGeospatialScreen,lib/features/atlas_geospatial_platform/presentation/screens/atlas_geospatial_screen.dart,5,,False,9,0
AtlasGlobalPlatformScreen,lib/features/atlas_global_platform/presentation/screens/atlas_global_platform_screen.dart,5,,False,8,0
AtlasGovernanceOperationsScreen,lib/features/atlas_governance_operations/presentation/screens/atlas_governance_operations_screen.dart,5,,False,9,0
AtlasGovernancePeopleScreen,lib/features/atlas_governance_people_enterprise/presentation/screens/atlas_governance_people_screen.dart,5,,False,8,0
AtlasIntelligenceScreen,lib/features/atlas_intelligence/presentation/screens/atlas_intelligence_screen.dart,4,,False,3,0
AtlasIntelligenceCenterScreen,lib/features/atlas_intelligence_center/presentation/screens/atlas_intelligence_center_screen.dart,5,,False,8,0
AtlasIntelligenceReportsScreen,lib/features/atlas_intelligence_reports_experience/presentation/screens/atlas_intelligence_reports_screen.dart,5,,False,6,0
AtlasIotScreen,lib/features/atlas_iot_platform/presentation/screens/atlas_iot_screen.dart,5,,False,8,0
AtlasLandIntelligenceScreen,lib/features/atlas_land_intelligence/presentation/screens/atlas_land_intelligence_screen.dart,5,,False,8,0
AtlasLivestockIntegrationScreen,lib/features/atlas_livestock_integration/presentation/screens/atlas_livestock_integration_screen.dart,5,,False,6,0
AtlasOfficialIntegrationsScreen,lib/features/atlas_official_integrations/presentation/screens/atlas_official_integrations_screen.dart,5,,False,9,0
AtlasOperationsEnterpriseScreen,lib/features/atlas_operations_enterprise/presentation/screens/atlas_operations_enterprise_screen.dart,5,,False,8,0
AtlasOsScreen,lib/features/atlas_os/presentation/screens/atlas_os_screen.dart,6,,False,2,0
AtlasPlatformResilienceScreen,lib/features/atlas_platform_resilience/presentation/screens/atlas_platform_resilience_screen.dart,5,,False,9,0
AtlasPrecisionLivestockScreen,lib/features/atlas_precision_livestock/presentation/screens/atlas_precision_livestock_screen.dart,5,,False,8,0
AtlasPredictiveAiScreen,lib/features/atlas_predictive_ai_suite/presentation/screens/atlas_predictive_ai_screen.dart,11,,False,8,0
AtlasQualityReleaseScreen,lib/features/atlas_quality_release/presentation/screens/atlas_quality_release_screen.dart,5,,False,6,0
AtlasReproductiveAiScreen,lib/features/atlas_reproductive_ai/presentation/screens/atlas_reproductive_ai_screen.dart,5,,False,7,0
AtlasReproductivePremiumScreen,lib/features/atlas_reproductive_premium/presentation/screens/atlas_reproductive_premium_screen.dart,5,,False,8,0
AtlasRuralBusinessScreen,lib/features/atlas_rural_business/presentation/screens/atlas_rural_business_screen.dart,5,,False,9,0
AtlasSaasPlatformScreen,lib/features/atlas_saas_platform/presentation/screens/atlas_saas_platform_screen.dart,5,,False,9,0
AtlasScaleCenterScreen,lib/features/atlas_scale/presentation/screens/atlas_scale_center_screen.dart,3,,False,0,0
AtlasSprintsDashboardScreen,lib/features/atlas_sprints_11_15/presentation/screens/atlas_sprints_dashboard_screen.dart,4,,False,1,0
AtlasSprints1620DashboardScreen,lib/features/atlas_sprints_16_20/presentation/screens/atlas_sprints_16_20_dashboard_screen.dart,4,,False,2,0
AtlasSprints2125DashboardScreen,lib/features/atlas_sprints_21_25/presentation/screens/atlas_sprints_21_25_dashboard_screen.dart,4,,False,2,0
AtlasSupplyChainScreen,lib/features/atlas_supply_chain/presentation/screens/atlas_supply_chain_screen.dart,5,,False,8,0
AtlasSupplyLogisticsScreen,lib/features/atlas_supply_logistics_enterprise/presentation/screens/atlas_supply_logistics_screen.dart,5,,False,8,0
AtlasEcosystemScreen,lib/features/atlas_sustainability_ecosystem/presentation/screens/atlas_ecosystem_screen.dart,5,,False,8,0
AtlasSustainabilityEnterpriseScreen,lib/features/atlas_sustainability_enterprise/presentation/screens/atlas_sustainability_enterprise_screen.dart,5,,False,9,0
AtlasVeterinaryAiScreen,lib/features/atlas_veterinary_ai/presentation/screens/atlas_veterinary_ai_screen.dart,5,,False,7,0
CompanySelectionScreen,lib/features/authentication/presentation/screens/company_selection_screen.dart,6,,False,1,0
LoginScreen,lib/features/authentication/presentation/screens/login_screen.dart,5,,False,7,0
PasswordRecoveryScreen,lib/features/authentication/presentation/screens/password_recovery_screen.dart,5,,False,2,0
RegisterScreen,lib/features/authentication/presentation/screens/register_screen.dart,5,,False,3,0
AtlasAutomationStrategyScreen,lib/features/automation_strategy/presentation/screens/atlas_automation_strategy_screen.dart,4,,False,1,0
AtlasAutonomousConsultantScreen,lib/features/autonomous_consultant/presentation/screens/atlas_autonomous_consultant_screen.dart,6,,False,4,0
AtlasBenefitsRealizationScreen,lib/features/benefits_realization/presentation/screens/atlas_benefits_realization_screen.dart,7,,False,5,0
AtlasCommandCenterScreen,lib/features/command_center/presentation/screens/atlas_command_center_screen.dart,5,,False,3,0
AtlasCommercialDashboardScreen,lib/features/commercial_platform/presentation/screens/atlas_commercial_dashboard_screen.dart,4,,False,1,0
AtlasCommercialReadinessScreen,lib/features/commercial_readiness/presentation/screens/atlas_commercial_readiness_screen.dart,3,,False,0,0
AtlasConsultancyWorkflowScreen,lib/features/consultancy_workflow/presentation/screens/atlas_consultancy_workflow_screen.dart,5,,False,4,0
AtlasContinuousImprovementScreen,lib/features/continuous_improvement/presentation/screens/atlas_continuous_improvement_screen.dart,6,,False,2,0
AtlasCopilotConversationViewerScreen,lib/features/copilot/presentation/screens/atlas_copilot_conversation_viewer_screen.dart,5,,False,5,0
AtlasCopilotFeedbackAnalyticsScreen,lib/features/copilot/presentation/screens/atlas_copilot_feedback_analytics_screen.dart,5,,False,4,0
AtlasCopilotHistoryScreen,lib/features/copilot/presentation/screens/atlas_copilot_history_screen.dart,5,,False,9,0
AtlasCopilotImprovementScreen,lib/features/copilot/presentation/screens/atlas_copilot_improvement_screen.dart,5,,False,2,0
AtlasCopilotScreen,lib/features/copilot/presentation/screens/atlas_copilot_screen.dart,12,,False,8,0
AtlasIntelligenceScreen,lib/features/dashboard/presentation/screens/atlas_intelligence_screen.dart,4,,False,10,0
AtlasOperationsIntelligenceScreen,lib/features/dashboard/presentation/screens/atlas_operations_intelligence_screen.dart,3,,False,10,0
DashboardScreen,lib/features/dashboard/presentation/screens/dashboard_screen.dart,8,,False,16,0
DecisionScenarioSimulatorScreen,lib/features/dashboard/presentation/screens/decision_scenario_simulator_screen.dart,5,,False,6,0
ExecutiveDashboardScreen,lib/features/dashboard/presentation/screens/executive_dashboard_screen.dart,5,,False,130,0
ExecutiveDecisionCenterScreen,lib/features/dashboard/presentation/screens/executive_decision_center_screen.dart,3,,False,7,0
AtlasDataGovernanceScreen,lib/features/data_governance/presentation/screens/atlas_data_governance_screen.dart,5,,False,4,0
AtlasDataIntelligenceScreen,lib/features/data_intelligence/presentation/screens/atlas_data_intelligence_screen.dart,5,,False,7,0
AtlasDecisionEngineScreen,lib/features/decision_engine/presentation/screens/atlas_decision_engine_screen.dart,3,,False,2,0
AtlasDecisionEngineV2Screen,lib/features/decision_engine_v2/presentation/screens/atlas_decision_engine_v2_screen.dart,5,,False,3,0
AtlasDecisionIntelligenceLabScreen,lib/features/decision_intelligence_lab/presentation/screens/atlas_decision_intelligence_lab_screen.dart,6,,False,4,0
AtlasDecisionTrackingScreen,lib/features/decision_tracking/presentation/screens/atlas_decision_tracking_screen.dart,4,,False,5,0
AtlasComparativeDiagnosticScreen,lib/features/diagnostics/presentation/screens/atlas_comparative_diagnostic_screen.dart,3,,False,7,0
AtlasDiagnosticScreen,lib/features/diagnostics/presentation/screens/atlas_diagnostic_screen.dart,5,,False,3,0
AtlasDigitalTwinScreen,lib/features/digital_twin/presentation/screens/atlas_digital_twin_screen.dart,6,,False,4,0
AtlasEnterpriseOperationsScreen,lib/features/enterprise_operations/presentation/screens/atlas_enterprise_operations_screen.dart,10,,False,4,0
AtlasEnterprise24AScreen,lib/features/enterprise_platform/presentation/screens/atlas_enterprise_24a_screen.dart,5,,False,14,0
AtlasEnterprise24BScreen,lib/features/enterprise_platform/presentation/screens/atlas_enterprise_24b_screen.dart,5,,False,13,0
AtlasEnterprise24CScreen,lib/features/enterprise_platform/presentation/screens/atlas_enterprise_24c_screen.dart,5,,False,12,0
AtlasEnterprise24DScreen,lib/features/enterprise_platform/presentation/screens/atlas_enterprise_24d_screen.dart,5,,False,5,0
AtlasEnterprisePlatformScreen,lib/features/enterprise_platform/presentation/screens/atlas_enterprise_platform_screen.dart,4,,False,11,0
AtlasExecutiveAiAdvisorScreen,lib/features/executive_ai_advisor/presentation/screens/atlas_executive_ai_advisor_screen.dart,3,,False,6,0
AtlasExecutiveAlertsScreen,lib/features/executive_alerts/presentation/screens/atlas_executive_alerts_screen.dart,5,,False,8,0
AtlasExecutiveBrainHistoricalIntelligenceScreen,lib/features/executive_brain/presentation/screens/atlas_executive_brain_historical_intelligence_screen.dart,5,,False,1,0
AtlasExecutiveBrainHistoryScreen,lib/features/executive_brain/presentation/screens/atlas_executive_brain_history_screen.dart,5,,False,3,0
AtlasExecutiveBrainScreen,lib/features/executive_brain/presentation/screens/atlas_executive_brain_screen.dart,6,,False,4,0
AtlasExecutiveGoalHistoryScreen,lib/features/executive_goals/presentation/screens/atlas_executive_goal_history_screen.dart,4,,False,0,0
AtlasExecutiveGoalsScreen,lib/features/executive_goals/presentation/screens/atlas_executive_goals_screen.dart,6,,False,10,0
AtlasExecutiveIntelligenceScreen,lib/features/executive_intelligence/presentation/screens/atlas_executive_intelligence_screen.dart,13,,False,6,0
AtlasExecutiveKpiHistoryScreen,lib/features/executive_kpis/presentation/screens/atlas_executive_kpi_history_screen.dart,5,,False,0,0
AtlasExecutiveKpisScreen,lib/features/executive_kpis/presentation/screens/atlas_executive_kpis_screen.dart,5,,False,10,0
AtlasFarmIntelligenceScreen,lib/features/farm/presentation/screens/atlas_farm_intelligence_screen.dart,3,,False,4,0
FarmDetailScreen,lib/features/farm/presentation/screens/farm_detail_screen.dart,6,,False,32,0
FarmFormScreen,lib/features/farm/presentation/screens/farm_form_screen.dart,6,,False,2,0
FarmListScreen,lib/features/farm/presentation/screens/farm_list_screen.dart,7,POST /farms; PATCH /farms/${farm.id}; DELETE /farms/${farm.id},False,5,0
FarmAgendaFormScreen,lib/features/farm_agenda/presentation/screens/farm_agenda_form_screen.dart,6,,False,4,0
FarmAgendaListScreen,lib/features/farm_agenda/presentation/screens/farm_agenda_list_screen.dart,7,,False,11,0
AtlasFarmAuditScreen,lib/features/farm_audit/presentation/screens/atlas_farm_audit_screen.dart,7,,False,2,0
FarmFinanceFormScreen,lib/features/farm_finance/presentation/screens/farm_finance_form_screen.dart,6,,False,2,0
FarmFinanceListScreen,lib/features/farm_finance/presentation/screens/farm_finance_list_screen.dart,7,,False,5,0
FinanceOverviewScreen,lib/features/farm_finance/presentation/screens/finance_overview_screen.dart,5,,False,2,0
FarmInventoryFormScreen,lib/features/farm_inventory/presentation/screens/farm_inventory_form_screen.dart,6,,False,3,0
FarmInventoryListScreen,lib/features/farm_inventory/presentation/screens/farm_inventory_list_screen.dart,7,,False,7,0
InventoryOverviewScreen,lib/features/farm_inventory/presentation/screens/inventory_overview_screen.dart,5,,False,2,0
AtlasOperationsCenterScreen,lib/features/farm_operations/presentation/screens/atlas_operations_center_screen.dart,5,,False,8,0
AtlasFieldOperationsScreen,lib/features/field_operations/presentation/screens/atlas_field_operations_screen.dart,5,,False,1,0
AtlasFlutterQualityScreen,lib/features/flutter_quality/presentation/screens/atlas_flutter_quality_screen.dart,3,,False,0,0
AtlasGovernanceResilienceScreen,lib/features/governance_resilience/presentation/screens/atlas_governance_resilience_screen.dart,4,,False,1,0
HerdGroupFormScreen,lib/features/herd/presentation/screens/herd_group_form_screen.dart,8,,False,1,0
HerdListScreen,lib/features/herd/presentation/screens/herd_list_screen.dart,5,,False,5,0
HerdOverviewScreen,lib/features/herd/presentation/screens/herd_overview_screen.dart,6,,False,15,0
IndicatorsScreen,lib/features/indicators/presentation/screens/indicators_screen.dart,5,,False,1,0
AtlasIntegrationEcosystemScreen,lib/features/integration_ecosystem/presentation/screens/atlas_integration_ecosystem_screen.dart,4,,False,1,0
AtlasIntegrationCenterScreen,lib/features/integration_hub/presentation/screens/atlas_integration_center_screen.dart,5,,False,5,0
AtlasInvestmentCapitalScreen,lib/features/investment_capital_allocation/presentation/screens/atlas_investment_capital_screen.dart,6,,False,10,0
AtlasIotEnterpriseScreen,lib/features/iot_enterprise/presentation/screens/atlas_iot_enterprise_screen.dart,4,,False,1,0
AtlasKnowledgeLearningScreen,lib/features/knowledge_learning/presentation/screens/atlas_knowledge_learning_screen.dart,7,,False,11,0
AtlasLivestockModuleScreen,lib/features/livestock_operations/presentation/screens/atlas_livestock_module_screen.dart,9,,False,2,0
AtlasMissionControlScreen,lib/features/mission_control/presentation/screens/atlas_mission_control_screen.dart,7,,False,5,0
AtlasMlPlatformScreen,lib/features/ml_platform/presentation/screens/atlas_ml_platform_screen.dart,4,,False,1,0
NutritionOverviewScreen,lib/features/nutrition/presentation/screens/nutrition_overview_screen.dart,7,,False,10,0
AtlasOfflineFieldScreen,lib/features/offline_field/presentation/screens/atlas_offline_field_screen.dart,5,,False,7,0
AtlasOperationalReadinessScreen,lib/features/operational_readiness/presentation/screens/atlas_operational_readiness_screen.dart,3,,False,0,0
AtlasOptimizationResultScreen,lib/features/optimization_engine/presentation/screens/atlas_optimization_result_screen.dart,4,,False,2,0
AtlasOptimizationScreen,lib/features/optimization_engine/presentation/screens/atlas_optimization_screen.dart,6,,False,2,0
PaddockFormScreen,lib/features/paddock/presentation/screens/paddock_form_screen.dart,6,,False,1,0
PaddockListScreen,lib/features/paddock/presentation/screens/paddock_list_screen.dart,5,,False,4,0
AtlasPerformanceCenterScreen,lib/features/performance_center/presentation/screens/atlas_performance_center_screen.dart,6,,False,4,0
AtlasPerformanceDashboardScreen,lib/features/performance_intelligence/presentation/screens/atlas_performance_dashboard_screen.dart,6,,False,7,0
AtlasPilotProgramScreen,lib/features/pilot_program/presentation/screens/atlas_pilot_program_screen.dart,5,,False,0,0
AtlasPlatformDashboardScreen,lib/features/platform_v1/presentation/screens/atlas_platform_dashboard_screen.dart,4,,False,2,0
AtlasPortfolioManagementScreen,lib/features/portfolio_management/presentation/screens/atlas_portfolio_management_screen.dart,6,,False,2,0
AtlasPrecisionHubScreen,lib/features/precision_hub/presentation/screens/atlas_precision_hub_screen.dart,5,,False,4,0
AtlasPredictiveScreen,lib/features/predictive/presentation/screens/atlas_predictive_screen.dart,5,,False,11,0
AtlasPredictiveAiScreen,lib/features/predictive_ai/presentation/screens/atlas_predictive_ai_screen.dart,11,,False,9,0
AtlasPredictiveAnalyticsScreen,lib/features/predictive_analytics/presentation/screens/atlas_predictive_analytics_screen.dart,5,,False,4,0
AtlasPublicationCenterScreen,lib/features/publication_center/presentation/screens/atlas_publication_center_screen.dart,5,,False,0,0
AtlasQualityCenterScreen,lib/features/quality_center/presentation/screens/atlas_quality_center_screen.dart,5,,False,4,0
AtlasRealtimeCenterScreen,lib/features/realtime/presentation/screens/atlas_realtime_center_screen.dart,4,,False,2,0
AtlasRecommendationIntelligenceScreen,lib/features/recommendation_intelligence/presentation/screens/atlas_recommendation_intelligence_screen.dart,7,,False,2,0
AtlasReleaseEngineeringScreen,lib/features/release_engineering/presentation/screens/atlas_release_engineering_screen.dart,4,,False,1,0
AtlasReleaseCenterScreen,lib/features/release_management/presentation/screens/atlas_release_center_screen.dart,5,,False,1,0
ReportActionListScreen,lib/features/reports/presentation/screens/report_action_list_screen.dart,8,,False,15,0
ReportsScreen,lib/features/reports/presentation/screens/reports_screen.dart,6,,False,8,0
AtlasSaasAdminScreen,lib/features/saas_admin/presentation/screens/atlas_saas_admin_screen.dart,5,,False,3,0
AtlasScenarioResultScreen,lib/features/scenario_simulator/presentation/screens/atlas_scenario_result_screen.dart,5,,False,0,0
AtlasScenarioSimulatorScreen,lib/features/scenario_simulator/presentation/screens/atlas_scenario_simulator_screen.dart,5,,False,3,0
AtlasSecurityCenterScreen,lib/features/security_center/presentation/screens/atlas_security_center_screen.dart,5,,False,4,0
AtlasSecurityPrivacyContinuityScreen,lib/features/security_privacy_continuity/presentation/screens/atlas_security_privacy_continuity_screen.dart,4,,False,1,0
AtlasStrategicAlignmentScreen,lib/features/strategic_alignment/presentation/screens/atlas_strategic_alignment_screen.dart,6,,False,2,0
AtlasStrategicCapacityScreen,lib/features/strategic_capacity/presentation/screens/atlas_strategic_capacity_screen.dart,6,,False,3,0
AtlasExecutionEngineScreen,lib/features/strategic_execution_engine/presentation/screens/atlas_execution_engine_screen.dart,6,,False,13,0
AtlasStrategicScenarioPlanningScreen,lib/features/strategic_scenario_planning/presentation/screens/atlas_strategic_scenario_planning_screen.dart,6,,False,5,0
AtlasStrategyCenterScreen,lib/features/strategy_center/presentation/screens/atlas_strategy_center_screen.dart,5,,False,1,0
AtlasStrategyExecutionScreen,lib/features/strategy_execution/presentation/screens/atlas_strategy_execution_screen.dart,7,,False,2,0
AtlasSyncDashboardScreen,lib/features/sync_platform/presentation/screens/atlas_sync_dashboard_screen.dart,5,,False,4,0
TechnicalDashboardScreen,lib/features/technical_dashboard/presentation/screens/technical_dashboard_screen.dart,5,,False,1,0
AtlasUnifiedWorkflowScreen,lib/features/unified_workflow/presentation/screens/atlas_unified_workflow_screen.dart,5,,False,8,0
AtlasValueGovernanceScreen,lib/features/value_governance/presentation/screens/atlas_value_governance_screen.dart,6,,False,3,0
AtlasWorkflowScreen,lib/features/workflow_engine/presentation/screens/atlas_workflow_screen.dart,4,,False,7,0
