file,category,reason,blocking_before_production
lib/core/event_center/atlas_event_log_service.dart,local_history_cache,Histórico/cache derivado local; não é cadastro pecuário oficial.,False
lib/core/foundation/atlas_foundation_repository.dart,offline_runtime,Infraestrutura local de contingência/sincronização.,False
lib/core/operational_intelligence/action_plan/atlas_action_attention_preferences.dart,device_preference,Preferência/estado visual do dispositivo.,False
lib/core/operational_intelligence/action_plan/atlas_action_outcome_service.dart,advanced_local_planning,Planejamento/inteligência operacional avançada ainda local; não deve ser tratado como fonte oficial V1.,False
lib/core/operational_intelligence/action_plan/atlas_agriculture_service.dart,advanced_local_planning,Planejamento/inteligência operacional avançada ainda local; não deve ser tratado como fonte oficial V1.,False
lib/core/operational_intelligence/action_plan/atlas_asset_maintenance_service.dart,advanced_local_planning,Planejamento/inteligência operacional avançada ainda local; não deve ser tratado como fonte oficial V1.,False
lib/core/operational_intelligence/action_plan/atlas_climate_service.dart,advanced_local_planning,Planejamento/inteligência operacional avançada ainda local; não deve ser tratado como fonte oficial V1.,False
lib/core/operational_intelligence/action_plan/atlas_command_center_action_service.dart,advanced_local_planning,Planejamento/inteligência operacional avançada ainda local; não deve ser tratado como fonte oficial V1.,False
lib/core/operational_intelligence/action_plan/atlas_command_center_action_update_service.dart,advanced_local_planning,Planejamento/inteligência operacional avançada ainda local; não deve ser tratado como fonte oficial V1.,False
lib/core/operational_intelligence/action_plan/atlas_commercial_service.dart,advanced_local_planning,Planejamento/inteligência operacional avançada ainda local; não deve ser tratado como fonte oficial V1.,False
lib/core/operational_intelligence/action_plan/atlas_economic_intelligence_service.dart,advanced_local_planning,Planejamento/inteligência operacional avançada ainda local; não deve ser tratado como fonte oficial V1.,False
lib/core/operational_intelligence/action_plan/atlas_esg_service.dart,advanced_local_planning,Planejamento/inteligência operacional avançada ainda local; não deve ser tratado como fonte oficial V1.,False
lib/core/operational_intelligence/action_plan/atlas_execution_audit_service.dart,advanced_local_planning,Planejamento/inteligência operacional avançada ainda local; não deve ser tratado como fonte oficial V1.,False
lib/core/operational_intelligence/action_plan/atlas_execution_cycle_report_service.dart,advanced_local_planning,Planejamento/inteligência operacional avançada ainda local; não deve ser tratado como fonte oficial V1.,False
lib/core/operational_intelligence/action_plan/atlas_execution_meeting_service.dart,advanced_local_planning,Planejamento/inteligência operacional avançada ainda local; não deve ser tratado como fonte oficial V1.,False
lib/core/operational_intelligence/action_plan/atlas_execution_weekly_review_service.dart,advanced_local_planning,Planejamento/inteligência operacional avançada ainda local; não deve ser tratado como fonte oficial V1.,False
lib/core/operational_intelligence/action_plan/atlas_financial_service.dart,advanced_local_planning,Planejamento/inteligência operacional avançada ainda local; não deve ser tratado como fonte oficial V1.,False
lib/core/operational_intelligence/action_plan/atlas_goal_action_link_service.dart,advanced_local_planning,Planejamento/inteligência operacional avançada ainda local; não deve ser tratado como fonte oficial V1.,False
lib/core/operational_intelligence/action_plan/atlas_health_intelligence_service.dart,advanced_local_planning,Planejamento/inteligência operacional avançada ainda local; não deve ser tratado como fonte oficial V1.,False
lib/core/operational_intelligence/action_plan/atlas_health_strategy_service.dart,advanced_local_planning,Planejamento/inteligência operacional avançada ainda local; não deve ser tratado como fonte oficial V1.,False
lib/core/operational_intelligence/action_plan/atlas_inventory_service.dart,advanced_local_planning,Planejamento/inteligência operacional avançada ainda local; não deve ser tratado como fonte oficial V1.,False
lib/core/operational_intelligence/action_plan/atlas_meeting_decision_action_link_service.dart,advanced_local_planning,Planejamento/inteligência operacional avançada ainda local; não deve ser tratado como fonte oficial V1.,False
lib/core/operational_intelligence/action_plan/atlas_nutrition_service.dart,advanced_local_planning,Planejamento/inteligência operacional avançada ainda local; não deve ser tratado como fonte oficial V1.,False
lib/core/operational_intelligence/action_plan/atlas_nutrition_strategy_service.dart,advanced_local_planning,Planejamento/inteligência operacional avançada ainda local; não deve ser tratado como fonte oficial V1.,False
lib/core/operational_intelligence/action_plan/atlas_operational_goal_service.dart,advanced_local_planning,Planejamento/inteligência operacional avançada ainda local; não deve ser tratado como fonte oficial V1.,False
lib/core/operational_intelligence/action_plan/atlas_pasture_service.dart,advanced_local_planning,Planejamento/inteligência operacional avançada ainda local; não deve ser tratado como fonte oficial V1.,False
lib/core/operational_intelligence/action_plan/atlas_pasture_strategy_service.dart,advanced_local_planning,Planejamento/inteligência operacional avançada ainda local; não deve ser tratado como fonte oficial V1.,False
lib/core/operational_intelligence/action_plan/atlas_people_management_service.dart,advanced_local_planning,Planejamento/inteligência operacional avançada ainda local; não deve ser tratado como fonte oficial V1.,False
lib/core/operational_intelligence/action_plan/atlas_reproductive_service.dart,advanced_local_planning,Planejamento/inteligência operacional avançada ainda local; não deve ser tratado como fonte oficial V1.,False
lib/core/operational_intelligence/action_plan/atlas_reproductive_strategy_service.dart,advanced_local_planning,Planejamento/inteligência operacional avançada ainda local; não deve ser tratado como fonte oficial V1.,False
lib/core/operational_intelligence/action_plan/atlas_team_member_service.dart,advanced_local_planning,Planejamento/inteligência operacional avançada ainda local; não deve ser tratado como fonte oficial V1.,False
lib/core/orchestrator/atlas_orchestrator_repository.dart,advanced_local_feature,"Feature avançada mantém dados locais; classificada para evolução posterior, sem confusão com os módulos oficiais V1.",False
lib/core/release_candidate/atlas_release_candidate_repository.dart,advanced_local_feature,"Feature avançada mantém dados locais; classificada para evolução posterior, sem confusão com os módulos oficiais V1.",False
lib/core/system_center/atlas_system_center_repository.dart,advanced_local_feature,"Feature avançada mantém dados locais; classificada para evolução posterior, sem confusão com os módulos oficiais V1.",False
lib/features/action_plan/data/services/atlas_action_plan_storage_service.dart,advanced_local_feature,"Feature avançada mantém dados locais; classificada para evolução posterior, sem confusão com os módulos oficiais V1.",False
lib/features/animal/data/services/animal_storage_service.dart,remote_cache,SharedPreferences funciona como snapshot/cache; a feature possui autoridade remota.,False
lib/features/animal_document/data/services/animal_document_storage_service.dart,device_attachment_pending_object_storage,Metadados/anexo permanecem no dispositivo; requer object storage remoto antes da produção multi-dispositivo.,True
lib/features/animal_event/data/services/animal_event_storage_service.dart,remote_cache,SharedPreferences funciona como snapshot/cache; a feature possui autoridade remota.,False
lib/features/animal_health/data/services/animal_health_storage_service.dart,remote_cache,SharedPreferences funciona como snapshot/cache; a feature possui autoridade remota.,False
lib/features/animal_intelligence_360/presentation/screens/animal_intelligence_360_screen.dart,remote_cache,SharedPreferences funciona como snapshot/cache; a feature possui autoridade remota.,False
lib/features/animal_movement/data/services/animal_movement_storage_service.dart,remote_cache,SharedPreferences funciona como snapshot/cache; a feature possui autoridade remota.,False
lib/features/animal_nutrition_enterprise/data/services/animal_nutrition_storage_service.dart,advanced_local_feature,"Feature avançada mantém dados locais; classificada para evolução posterior, sem confusão com os módulos oficiais V1.",False
lib/features/animal_operations_center/data/services/animal_operational_task_storage_service.dart,remote_cache,SharedPreferences funciona como snapshot/cache; a feature possui autoridade remota.,False
lib/features/animal_photo/data/services/animal_photo_storage_service.dart,device_attachment_pending_object_storage,Metadados/anexo permanecem no dispositivo; requer object storage remoto antes da produção multi-dispositivo.,True
lib/features/animal_reproduction/data/services/animal_reproduction_storage_service.dart,remote_cache,SharedPreferences funciona como snapshot/cache; a feature possui autoridade remota.,False
lib/features/animal_weight/data/services/animal_weight_storage_service.dart,remote_cache,SharedPreferences funciona como snapshot/cache; a feature possui autoridade remota.,False
lib/features/atlas_advanced_ai/data/services/atlas_advanced_ai_storage_service.dart,advanced_local_feature,"Feature avançada mantém dados locais; classificada para evolução posterior, sem confusão com os módulos oficiais V1.",False
lib/features/atlas_ai/data/services/atlas_ai_conversation_storage_service.dart,advanced_local_feature,"Feature avançada mantém dados locais; classificada para evolução posterior, sem confusão com os módulos oficiais V1.",False
lib/features/atlas_ai/data/services/atlas_ai_tracked_action_storage_service.dart,advanced_local_feature,"Feature avançada mantém dados locais; classificada para evolução posterior, sem confusão com os módulos oficiais V1.",False
lib/features/atlas_auth_sync_enterprise/data/services/atlas_auth_sync_storage_service.dart,advanced_local_feature,"Feature avançada mantém dados locais; classificada para evolução posterior, sem confusão com os módulos oficiais V1.",False
lib/features/atlas_auth_sync_enterprise/domain/services/atlas_auth_sync_analytics_service.dart,advanced_local_feature,"Feature avançada mantém dados locais; classificada para evolução posterior, sem confusão com os módulos oficiais V1.",False
lib/features/atlas_automation_operations/data/services/atlas_automation_storage_service.dart,advanced_local_feature,"Feature avançada mantém dados locais; classificada para evolução posterior, sem confusão com os módulos oficiais V1.",False
lib/features/atlas_autonomous_enterprise/data/services/atlas_autonomous_enterprise_storage_service.dart,advanced_local_feature,"Feature avançada mantém dados locais; classificada para evolução posterior, sem confusão com os módulos oficiais V1.",False
lib/features/atlas_backend_foundation/data/services/atlas_backend_foundation_storage_service.dart,offline_runtime,Infraestrutura local de contingência/sincronização.,False
lib/features/atlas_climate_enterprise/data/services/atlas_climate_enterprise_storage_service.dart,advanced_local_feature,"Feature avançada mantém dados locais; classificada para evolução posterior, sem confusão com os módulos oficiais V1.",False
lib/features/atlas_cloud_security_enterprise/data/services/atlas_cloud_security_storage_service.dart,advanced_local_feature,"Feature avançada mantém dados locais; classificada para evolução posterior, sem confusão com os módulos oficiais V1.",False
lib/features/atlas_commercial_enterprise/data/services/atlas_commercial_enterprise_storage_service.dart,advanced_local_feature,"Feature avançada mantém dados locais; classificada para evolução posterior, sem confusão com os módulos oficiais V1.",False
lib/features/atlas_commercial_operations/data/services/atlas_commercial_operation_storage_service.dart,advanced_local_feature,"Feature avançada mantém dados locais; classificada para evolução posterior, sem confusão com os módulos oficiais V1.",False
lib/features/atlas_enterprise_50/data/services/atlas_enterprise_storage_service.dart,advanced_local_feature,"Feature avançada mantém dados locais; classificada para evolução posterior, sem confusão com os módulos oficiais V1.",False
lib/features/atlas_enterprise_operations/data/services/atlas_enterprise_operation_storage_service.dart,advanced_local_feature,"Feature avançada mantém dados locais; classificada para evolução posterior, sem confusão com os módulos oficiais V1.",False
lib/features/atlas_environmental_ai/data/services/atlas_environmental_ai_storage_service.dart,advanced_local_feature,"Feature avançada mantém dados locais; classificada para evolução posterior, sem confusão com os módulos oficiais V1.",False
lib/features/atlas_executive_intelligence/data/services/atlas_executive_intelligence_storage_service.dart,advanced_local_feature,"Feature avançada mantém dados locais; classificada para evolução posterior, sem confusão com os módulos oficiais V1.",False
lib/features/atlas_executive_platform/data/services/atlas_executive_platform_storage_service.dart,advanced_local_feature,"Feature avançada mantém dados locais; classificada para evolução posterior, sem confusão com os módulos oficiais V1.",False
lib/features/atlas_finance_enterprise/data/services/atlas_finance_enterprise_storage_service.dart,advanced_local_feature,"Feature avançada mantém dados locais; classificada para evolução posterior, sem confusão com os módulos oficiais V1.",False
lib/features/atlas_financial_integrations/data/services/atlas_financial_integration_storage_service.dart,advanced_local_feature,"Feature avançada mantém dados locais; classificada para evolução posterior, sem confusão com os módulos oficiais V1.",False
lib/features/atlas_geospatial_platform/data/services/atlas_geospatial_storage_service.dart,advanced_local_feature,"Feature avançada mantém dados locais; classificada para evolução posterior, sem confusão com os módulos oficiais V1.",False
lib/features/atlas_global_platform/data/services/atlas_global_platform_storage_service.dart,advanced_local_feature,"Feature avançada mantém dados locais; classificada para evolução posterior, sem confusão com os módulos oficiais V1.",False
lib/features/atlas_governance_operations/data/services/atlas_governance_operation_storage_service.dart,advanced_local_feature,"Feature avançada mantém dados locais; classificada para evolução posterior, sem confusão com os módulos oficiais V1.",False
lib/features/atlas_governance_people_enterprise/data/services/atlas_governance_people_storage_service.dart,advanced_local_feature,"Feature avançada mantém dados locais; classificada para evolução posterior, sem confusão com os módulos oficiais V1.",False
lib/features/atlas_intelligence_reports_experience/data/services/atlas_intelligence_reports_storage_service.dart,advanced_local_feature,"Feature avançada mantém dados locais; classificada para evolução posterior, sem confusão com os módulos oficiais V1.",False
lib/features/atlas_iot_platform/data/services/atlas_iot_storage_service.dart,advanced_local_feature,"Feature avançada mantém dados locais; classificada para evolução posterior, sem confusão com os módulos oficiais V1.",False
lib/features/atlas_land_intelligence/data/services/atlas_land_storage_service.dart,advanced_local_feature,"Feature avançada mantém dados locais; classificada para evolução posterior, sem confusão com os módulos oficiais V1.",False
lib/features/atlas_livestock_integration/data/services/atlas_livestock_integration_storage_service.dart,advanced_local_feature,"Feature avançada mantém dados locais; classificada para evolução posterior, sem confusão com os módulos oficiais V1.",False
lib/features/atlas_official_integrations/data/services/atlas_official_integration_storage_service.dart,advanced_local_feature,"Feature avançada mantém dados locais; classificada para evolução posterior, sem confusão com os módulos oficiais V1.",False
lib/features/atlas_operations_enterprise/data/services/atlas_operations_enterprise_storage_service.dart,advanced_local_feature,"Feature avançada mantém dados locais; classificada para evolução posterior, sem confusão com os módulos oficiais V1.",False
lib/features/atlas_platform_resilience/data/services/atlas_platform_resilience_storage_service.dart,advanced_local_feature,"Feature avançada mantém dados locais; classificada para evolução posterior, sem confusão com os módulos oficiais V1.",False
lib/features/atlas_precision_livestock/data/services/atlas_precision_livestock_storage_service.dart,advanced_local_feature,"Feature avançada mantém dados locais; classificada para evolução posterior, sem confusão com os módulos oficiais V1.",False
lib/features/atlas_predictive_ai_suite/data/services/atlas_predictive_ai_storage_service.dart,advanced_local_feature,"Feature avançada mantém dados locais; classificada para evolução posterior, sem confusão com os módulos oficiais V1.",False
lib/features/atlas_quality_release/data/services/atlas_quality_release_storage_service.dart,advanced_local_feature,"Feature avançada mantém dados locais; classificada para evolução posterior, sem confusão com os módulos oficiais V1.",False
lib/features/atlas_reproductive_ai/data/services/atlas_reproductive_prediction_storage_service.dart,advanced_local_feature,"Feature avançada mantém dados locais; classificada para evolução posterior, sem confusão com os módulos oficiais V1.",False
lib/features/atlas_reproductive_premium/data/services/atlas_reproductive_premium_storage_service.dart,advanced_local_feature,"Feature avançada mantém dados locais; classificada para evolução posterior, sem confusão com os módulos oficiais V1.",False
lib/features/atlas_rural_business/data/services/atlas_rural_business_storage_service.dart,advanced_local_feature,"Feature avançada mantém dados locais; classificada para evolução posterior, sem confusão com os módulos oficiais V1.",False
lib/features/atlas_saas_platform/data/services/atlas_saas_platform_storage_service.dart,advanced_local_feature,"Feature avançada mantém dados locais; classificada para evolução posterior, sem confusão com os módulos oficiais V1.",False
lib/features/atlas_supply_chain/data/services/atlas_supply_chain_storage_service.dart,advanced_local_feature,"Feature avançada mantém dados locais; classificada para evolução posterior, sem confusão com os módulos oficiais V1.",False
lib/features/atlas_supply_logistics_enterprise/data/services/atlas_supply_logistics_storage_service.dart,advanced_local_feature,"Feature avançada mantém dados locais; classificada para evolução posterior, sem confusão com os módulos oficiais V1.",False
lib/features/atlas_sustainability_ecosystem/data/services/atlas_ecosystem_storage_service.dart,advanced_local_feature,"Feature avançada mantém dados locais; classificada para evolução posterior, sem confusão com os módulos oficiais V1.",False
lib/features/atlas_sustainability_enterprise/data/services/atlas_sustainability_enterprise_storage_service.dart,advanced_local_feature,"Feature avançada mantém dados locais; classificada para evolução posterior, sem confusão com os módulos oficiais V1.",False
lib/features/atlas_veterinary_ai/data/services/atlas_veterinary_case_storage_service.dart,advanced_local_feature,"Feature avançada mantém dados locais; classificada para evolução posterior, sem confusão com os módulos oficiais V1.",False
lib/features/benefits_realization/data/services/atlas_benefits_realization_repository.dart,advanced_local_feature,"Feature avançada mantém dados locais; classificada para evolução posterior, sem confusão com os módulos oficiais V1.",False
lib/features/command_center/data/services/atlas_command_repository.dart,advanced_local_feature,"Feature avançada mantém dados locais; classificada para evolução posterior, sem confusão com os módulos oficiais V1.",False
lib/features/consultancy_hub/data/services/atlas_consultancy_repository.dart,advanced_local_feature,"Feature avançada mantém dados locais; classificada para evolução posterior, sem confusão com os módulos oficiais V1.",False
lib/features/consultancy_workflow/data/services/atlas_consultancy_workflow_repository.dart,advanced_local_feature,"Feature avançada mantém dados locais; classificada para evolução posterior, sem confusão com os módulos oficiais V1.",False
lib/features/continuous_improvement/data/services/atlas_improvement_history_service.dart,local_history_cache,Histórico/cache derivado local; não é cadastro pecuário oficial.,False
lib/features/copilot/data/services/atlas_copilot_history_storage_service.dart,local_history_cache,Histórico/cache derivado local; não é cadastro pecuário oficial.,False
lib/features/data_governance/data/services/atlas_data_governance_repository.dart,advanced_local_feature,"Feature avançada mantém dados locais; classificada para evolução posterior, sem confusão com os módulos oficiais V1.",False
lib/features/digital_twin/domain/services/atlas_digital_twin_service.dart,advanced_local_feature,"Feature avançada mantém dados locais; classificada para evolução posterior, sem confusão com os módulos oficiais V1.",False
lib/features/enterprise_platform/data/services/atlas_enterprise_24a_repository.dart,remote_cache,SharedPreferences funciona como snapshot/cache; a feature possui autoridade remota.,False
lib/features/enterprise_platform/data/services/atlas_enterprise_audit_repository.dart,remote_cache,SharedPreferences funciona como snapshot/cache; a feature possui autoridade remota.,False
lib/features/enterprise_platform/data/services/atlas_enterprise_permission_repository.dart,remote_cache,SharedPreferences funciona como snapshot/cache; a feature possui autoridade remota.,False
lib/features/enterprise_platform/data/services/atlas_enterprise_remote_auth_store.dart,remote_cache,SharedPreferences funciona como snapshot/cache; a feature possui autoridade remota.,False
lib/features/enterprise_platform/data/services/atlas_enterprise_repository.dart,remote_cache,SharedPreferences funciona como snapshot/cache; a feature possui autoridade remota.,False
lib/features/enterprise_platform/data/services/atlas_enterprise_sync_repository.dart,remote_cache,SharedPreferences funciona como snapshot/cache; a feature possui autoridade remota.,False
lib/features/enterprise_platform/data/services/atlas_enterprise_version_repository.dart,remote_cache,SharedPreferences funciona como snapshot/cache; a feature possui autoridade remota.,False
lib/features/executive_alerts/data/services/atlas_executive_alert_state_storage_service.dart,device_preference,Preferência/estado visual do dispositivo.,False
lib/features/executive_brain/domain/services/atlas_executive_brain_history_service.dart,local_history_cache,Histórico/cache derivado local; não é cadastro pecuário oficial.,False
lib/features/executive_goals/data/services/atlas_executive_goal_history_storage_service.dart,local_history_cache,Histórico/cache derivado local; não é cadastro pecuário oficial.,False
lib/features/executive_goals/data/services/atlas_executive_goal_storage_service.dart,advanced_local_feature,"Feature avançada mantém dados locais; classificada para evolução posterior, sem confusão com os módulos oficiais V1.",False
lib/features/executive_kpis/data/services/atlas_executive_kpi_history_storage_service.dart,local_history_cache,Histórico/cache derivado local; não é cadastro pecuário oficial.,False
lib/features/farm/data/services/farm_storage_service.dart,remote_cache,SharedPreferences funciona como snapshot/cache; a feature possui autoridade remota.,False
lib/features/farm_agenda/data/services/farm_agenda_storage_service.dart,remote_cache,SharedPreferences funciona como snapshot/cache; a feature possui autoridade remota.,False
lib/features/farm_audit/data/services/atlas_farm_audit_history_service.dart,local_history_cache,Histórico/cache derivado local; não é cadastro pecuário oficial.,False
lib/features/farm_finance/data/services/farm_finance_storage_service.dart,remote_cache,SharedPreferences funciona como snapshot/cache; a feature possui autoridade remota.,False
lib/features/farm_inventory/data/services/farm_inventory_storage_service.dart,remote_cache,SharedPreferences funciona como snapshot/cache; a feature possui autoridade remota.,False
lib/features/farm_operations/data/services/atlas_operations_repository.dart,advanced_local_feature,"Feature avançada mantém dados locais; classificada para evolução posterior, sem confusão com os módulos oficiais V1.",False
lib/features/herd/data/services/herd_storage_service.dart,remote_cache,SharedPreferences funciona como snapshot/cache; a feature possui autoridade remota.,False
lib/features/integration_hub/data/services/atlas_integration_repository.dart,advanced_local_feature,"Feature avançada mantém dados locais; classificada para evolução posterior, sem confusão com os módulos oficiais V1.",False
lib/features/investment_capital_allocation/data/services/atlas_investment_repository.dart,advanced_local_feature,"Feature avançada mantém dados locais; classificada para evolução posterior, sem confusão com os módulos oficiais V1.",False
lib/features/knowledge_learning/data/services/atlas_knowledge_repository.dart,advanced_local_feature,"Feature avançada mantém dados locais; classificada para evolução posterior, sem confusão com os módulos oficiais V1.",False
lib/features/nutrition/data/services/nutrition_storage_service.dart,remote_cache,SharedPreferences funciona como snapshot/cache; a feature possui autoridade remota.,False
lib/features/observability/data/services/atlas_observability_repository.dart,advanced_local_feature,"Feature avançada mantém dados locais; classificada para evolução posterior, sem confusão com os módulos oficiais V1.",False
lib/features/offline_field/data/services/atlas_offline_repository.dart,offline_runtime,Infraestrutura local de contingência/sincronização.,False
lib/features/performance_intelligence/data/services/atlas_performance_repository.dart,advanced_local_feature,"Feature avançada mantém dados locais; classificada para evolução posterior, sem confusão com os módulos oficiais V1.",False
lib/features/predictive/data/services/atlas_predictive_scenario_storage_service.dart,advanced_local_feature,"Feature avançada mantém dados locais; classificada para evolução posterior, sem confusão com os módulos oficiais V1.",False
lib/features/predictive_ai/data/services/atlas_prediction_repository.dart,advanced_local_feature,"Feature avançada mantém dados locais; classificada para evolução posterior, sem confusão com os módulos oficiais V1.",False
lib/features/quality_center/data/services/atlas_quality_repository.dart,advanced_local_feature,"Feature avançada mantém dados locais; classificada para evolução posterior, sem confusão com os módulos oficiais V1.",False
lib/features/reporting/data/services/atlas_report_repository.dart,advanced_local_feature,"Feature avançada mantém dados locais; classificada para evolução posterior, sem confusão com os módulos oficiais V1.",False
lib/features/reports/data/services/report_action_history_storage_service.dart,local_history_cache,Histórico/cache derivado local; não é cadastro pecuário oficial.,False
lib/features/reports/data/services/report_action_storage_service.dart,advanced_local_feature,"Feature avançada mantém dados locais; classificada para evolução posterior, sem confusão com os módulos oficiais V1.",False
lib/features/scenario_simulator/domain/services/atlas_simulation_service.dart,advanced_local_feature,"Feature avançada mantém dados locais; classificada para evolução posterior, sem confusão com os módulos oficiais V1.",False
lib/features/strategic_execution_engine/data/services/atlas_execution_repository.dart,advanced_local_feature,"Feature avançada mantém dados locais; classificada para evolução posterior, sem confusão com os módulos oficiais V1.",False
lib/features/strategic_scenario_planning/data/services/atlas_strategic_scenario_repository.dart,advanced_local_feature,"Feature avançada mantém dados locais; classificada para evolução posterior, sem confusão com os módulos oficiais V1.",False
lib/features/strategy_execution/data/services/atlas_strategy_execution_repository.dart,advanced_local_feature,"Feature avançada mantém dados locais; classificada para evolução posterior, sem confusão com os módulos oficiais V1.",False
lib/features/sync_platform/data/services/atlas_sync_repository.dart,offline_runtime,Infraestrutura local de contingência/sincronização.,False
lib/features/unified_workflow/domain/services/atlas_unified_workflow_engine.dart,advanced_local_feature,"Feature avançada mantém dados locais; classificada para evolução posterior, sem confusão com os módulos oficiais V1.",False
lib/features/value_governance/data/services/atlas_value_governance_repository.dart,advanced_local_feature,"Feature avançada mantém dados locais; classificada para evolução posterior, sem confusão com os módulos oficiais V1.",False
