path,module,layer,role,lines,bytes,local_import_count,external_import_count,public_declarations,is_screen,has_navigation,incoming_references
app.dart,app,app.dart,screen/widget,42,1065,4,1,AtlasApp,False,False,1
core/auth/atlas_auth_models.dart,core,auth,support,34,574,0,0,AtlasRole | AtlasSession,False,False,0
core/contracts/atlas_action_contract.dart,core,contracts,support,73,1849,1,0,AtlasActionContract | AtlasActionChecklistContract,False,False,3
core/contracts/atlas_alert_contract.dart,core,contracts,support,44,1099,1,0,AtlasAlertContract,False,False,3
core/contracts/atlas_canonical_types.dart,core,contracts,support,80,1570,0,0,AtlasCanonicalPriority | AtlasCanonicalStatus | AtlasCanonicalHorizon | AtlasCanonicalRisk | AtlasCanonicalConfidenceLevel,False,False,11
core/contracts/atlas_decision_contract.dart,core,contracts,support,93,2830,1,0,AtlasDecisionContract,False,False,5
core/contracts/atlas_intelligence_contracts.dart,core,contracts,support,7,233,0,0,,False,False,0
core/contracts/atlas_recommendation_contract.dart,core,contracts,support,48,1259,1,0,AtlasRecommendationContract,False,False,1
core/contracts/atlas_scenario_contract.dart,core,contracts,support,44,1202,1,0,AtlasScenarioContract,False,False,1
core/database/atlas_database.dart,core,database,support,27,595,0,0,AtlasDatabase | AtlasRepositoryBase | AtlasMigration,False,False,0
core/event_center/atlas_event_analytics_data.dart,core,event_center,model/contract,129,2980,1,0,AtlasEventAnalyticsData | AtlasEventAnalyticsRankingItem | AtlasEventAnalyticsTypeItem | AtlasEventAnalyticsDailyPoint | AtlasEventAnalyticsCriticalPattern | AtlasEventAnalyticsRecommendation,False,False,4
core/event_center/atlas_event_analytics_screen.dart,core,event_center,screen/widget,777,21070,4,1,AtlasEventAnalyticsScreen,True,False,1
core/event_center/atlas_event_analytics_service.dart,core,event_center,service/engine,435,10945,3,0,AtlasEventAnalyticsService,False,False,3
core/event_center/atlas_event_center_screen.dart,core,event_center,screen/widget,718,21093,7,2,AtlasEventCenterScreen,True,True,1
core/event_center/atlas_event_detail_screen.dart,core,event_center,screen/widget,278,9036,2,1,AtlasEventDetailScreen,True,False,1
core/event_center/atlas_event_log_entry.dart,core,event_center,support,139,3715,1,0,AtlasEventLogEntry,False,False,5
core/event_center/atlas_event_log_filter.dart,core,event_center,support,91,1900,2,0,AtlasEventLogFilter,False,False,2
core/event_center/atlas_event_log_service.dart,core,event_center,service/engine,200,4153,5,3,AtlasEventLogService,False,False,5
core/events/atlas_event.dart,core,events,support,349,8251,0,0,AtlasEvent | AtlasEventType | AtlasEventPriority,False,False,30
core/events/atlas_event_bus.dart,core,events,model/contract,278,5340,3,1,AtlasEventBus | AtlasEventDispatchResult | AtlasEventListenerError,False,False,14
core/events/atlas_event_examples.dart,core,events,support,50,1378,4,0,AtlasEventExamples,False,False,0
core/events/atlas_event_factory.dart,core,events,support,235,5869,1,0,AtlasEventFactory,False,False,9
core/events/atlas_event_filter.dart,core,events,support,83,1565,1,0,AtlasEventFilter,False,False,7
core/events/atlas_event_observer.dart,core,events,support,62,1135,2,1,AtlasEventObserver,False,False,0
core/events/atlas_event_subscription.dart,core,events,support,23,548,2,0,AtlasEventListener | AtlasEventSubscription,False,False,1
core/foundation/atlas_foundation_center_screen.dart,core,foundation,screen/widget,170,5624,2,1,AtlasFoundationCenterScreen,True,False,1
core/foundation/atlas_foundation_models.dart,core,foundation,support,65,1785,0,0,AtlasFoundationCheck | AtlasFoundationSnapshot,False,False,2
core/foundation/atlas_foundation_repository.dart,core,foundation,service/engine,105,3594,1,2,AtlasFoundationRepository,False,False,1
core/integration/atlas_integration_core.dart,core,integration,support,89,2661,3,1,AtlasIntegrationSnapshot | AtlasIntegrationCore,False,False,1
core/integration/atlas_integration_core_screen.dart,core,integration,screen/widget,235,7395,3,1,AtlasIntegrationCoreScreen,True,False,1
core/integration/atlas_integration_event.dart,core,integration,support,29,643,0,0,AtlasIntegrationEvent,False,False,2
core/integration/atlas_integration_module.dart,core,integration,support,40,980,0,0,AtlasIntegrationModule,False,False,3
core/integration/atlas_module_registry.dart,core,integration,support,113,3225,1,0,AtlasModuleRegistry,False,False,1
core/orchestrator/atlas_orchestrator_dashboard.dart,core,orchestrator,screen/widget,179,7057,3,1,AtlasOrchestratorDashboard,False,False,1
core/orchestrator/atlas_orchestrator_engine.dart,core,orchestrator,service/engine,52,2091,1,1,AtlasOrchestratorExecution | AtlasOrchestratorEngine,False,False,1
core/orchestrator/atlas_orchestrator_models.dart,core,orchestrator,support,114,3210,0,0,AtlasPipelineStatus | AtlasOrchestratorTask | AtlasOrchestratorRun,False,False,3
core/orchestrator/atlas_orchestrator_repository.dart,core,orchestrator,service/engine,65,3321,1,2,AtlasOrchestratorRepository,False,False,1
core/presentation/layouts/atlas_main_layout.dart,core,presentation,screen/widget,715,20878,0,1,AtlasMainLayout | AtlasDesktopSidebar | AtlasMobileDrawer | AtlasTopBar | AtlasBrandHeader | AtlasBrandSymbol | AtlasSelectedFarm | AtlasMenuSectionTitle | AtlasNavigationTile | AtlasSidebarUser | AtlasUserAvatar | AtlasNavigationItem,False,False,0
core/reactivity/atlas_reactive_intelligence.dart,core,reactivity,support,5,166,0,0,,False,False,5
core/reactivity/atlas_reactive_intelligence_coordinator.dart,core,reactivity,support,203,4348,6,1,AtlasReactiveHandler | AtlasReactiveIntelligenceCoordinator,False,False,1
core/reactivity/atlas_reactive_policy.dart,core,reactivity,support,61,1892,2,0,AtlasReactivePolicy,False,False,2
core/reactivity/atlas_reactive_runtime.dart,core,reactivity,support,40,963,3,0,AtlasReactiveRuntime,False,False,5
core/reactivity/atlas_reactive_target.dart,core,reactivity,support,11,156,0,0,AtlasReactiveTarget,False,False,4
core/reactivity/atlas_reactive_update.dart,core,reactivity,support,24,617,2,0,AtlasReactiveUpdate,False,False,2
core/release_candidate/atlas_release_candidate_models.dart,core,release_candidate,support,29,643,0,0,AtlasReleaseCheck,False,False,1
core/release_candidate/atlas_release_candidate_repository.dart,core,release_candidate,service/engine,28,1134,0,1,AtlasReleaseCandidateRepository,False,False,1
core/release_candidate/atlas_release_candidate_screen.dart,core,release_candidate,screen/widget,267,9451,2,1,AtlasReleaseCandidateScreen,True,False,1
core/services/atlas_canonical_operations_service.dart,core,services,service/engine,61,2257,7,0,AtlasCanonicalOperationsData | AtlasCanonicalOperationsService,False,False,3
core/settings/atlas_system_settings.dart,core,settings,support,33,911,0,0,AtlasSystemSettings,False,False,3
core/system_center/atlas_system_center_models.dart,core,system_center,support,58,1634,1,0,AtlasSystemModule | AtlasSystemSnapshot,False,False,2
core/system_center/atlas_system_center_repository.dart,core,system_center,service/engine,117,3838,2,1,AtlasSystemCenterRepository,False,False,1
core/system_center/atlas_system_center_screen.dart,core,system_center,screen/widget,264,8082,3,1,AtlasSystemCenterScreen,True,False,1
features/action_plan/data/services/atlas_action_plan_storage_service.dart,action_plan,data,service/engine,37,1441,1,2,AtlasActionPlanStorageService,False,False,4
features/action_plan/domain/adapters/atlas_action_plan_canonical_adapter.dart,action_plan,domain,service/engine,272,9187,5,0,AtlasActionPlanCanonicalAdapter | AtlasActionPlanCanonicalExtension,False,False,1
features/action_plan/domain/models/atlas_action_plan.dart,action_plan,domain,model/contract,168,6807,1,0,AtlasActionPlan | AtlasActionMission | AtlasMissionChecklistItem | AtlasMissionStatus,False,False,10
features/action_plan/domain/services/atlas_action_plan_engine.dart,action_plan,domain,service/engine,122,4607,2,0,AtlasActionPlanEngine,False,False,1
features/action_plan/presentation/screens/atlas_action_plan_screen.dart,action_plan,presentation,screen/widget,150,11473,8,1,AtlasActionPlanScreen,True,True,3
features/animal/data/services/animal_storage_service.dart,animal,data,service/engine,69,1784,1,2,AnimalStorageService,False,False,10
features/animal/domain/models/animal_data.dart,animal,domain,model/contract,129,4142,0,0,AnimalData,False,False,20
features/animal/domain/services/animal_finance_integration_service.dart,animal,domain,service/engine,160,5480,5,0,AnimalFinanceIntegrationService,False,False,1
features/animal/presentation/screens/animal_detail_screen.dart,animal,presentation,screen/widget,1055,33271,17,1,AnimalDetailScreen | AnimalDashboardHeader | AnimalIndicatorCard | AnimalStatusCard | AnimalModuleCard | AnimalInformationSection | AnimalDetailRow | DashboardStatus,True,True,1
features/animal/presentation/screens/animal_form_screen.dart,animal,presentation,screen/widget,579,24677,1,1,AnimalFormScreen,True,False,1
features/animal/presentation/screens/animal_list_screen.dart,animal,presentation,screen/widget,672,23141,7,1,AnimalListScreen | AnimalSummaryCard | AnimalCard | AnimalInformation | EmptyAnimalsMessage,True,True,1
features/animal_document/data/services/animal_document_storage_service.dart,animal_document,data,service/engine,79,2124,1,2,AnimalDocumentStorageService,False,False,3
features/animal_document/domain/models/animal_document_data.dart,animal_document,domain,model/contract,44,1037,0,0,AnimalDocumentData,False,False,4
features/animal_document/presentation/screens/animal_document_form_screen.dart,animal_document,presentation,screen/widget,345,11881,1,1,AnimalDocumentFormScreen,True,False,1
features/animal_document/presentation/screens/animal_document_list_screen.dart,animal_document,presentation,screen/widget,629,20150,6,1,AnimalDocumentListScreen | DocumentSummaryCard | DocumentCard | DocumentInformation | EmptyDocumentsMessage,True,True,1
features/animal_event/data/services/animal_event_storage_service.dart,animal_event,data,service/engine,78,2071,1,2,AnimalEventStorageService,False,False,3
features/animal_event/domain/models/animal_event_data.dart,animal_event,domain,model/contract,36,797,0,0,AnimalEventData,False,False,4
features/animal_event/presentation/screens/animal_event_form_screen.dart,animal_event,presentation,screen/widget,246,8671,1,1,AnimalEventFormScreen,True,False,1
features/animal_event/presentation/screens/animal_timeline_screen.dart,animal_event,presentation,screen/widget,1033,34067,16,1,AnimalTimelineScreen | TimelineHeader | TimelineFilters | TimelineRecord | EmptyTimelineMessage | TimelineItem,True,True,1
features/animal_health/data/services/animal_health_storage_service.dart,animal_health,data,service/engine,79,2097,1,2,AnimalHealthStorageService,False,False,7
features/animal_health/domain/models/animal_health_data.dart,animal_health,domain,model/contract,111,3698,0,0,AnimalHealthData,False,False,11
features/animal_health/domain/services/animal_health_event_service.dart,animal_health,domain,service/engine,157,4419,4,0,AnimalHealthEventService,False,False,1
features/animal_health/domain/services/animal_health_inventory_service.dart,animal_health,domain,service/engine,106,3597,3,0,AnimalHealthInventoryResult | AnimalHealthInventoryService,False,False,1
features/animal_health/presentation/screens/animal_health_form_screen.dart,animal_health,presentation,screen/widget,358,18648,2,1,AnimalHealthFormScreen,True,False,1
features/animal_health/presentation/screens/animal_health_list_screen.dart,animal_health,presentation,screen/widget,659,21337,9,1,AnimalHealthListScreen | HealthSummaryCard | HealthRecordCard | HealthInformation | EmptyHealthMessage,True,True,2
features/animal_health/presentation/screens/health_overview_screen.dart,animal_health,presentation,screen/widget,571,19042,9,1,HealthOverviewScreen | HealthAnimalContext,True,True,1
features/animal_movement/data/services/animal_movement_storage_service.dart,animal_movement,data,service/engine,79,2112,1,2,AnimalMovementStorageService,False,False,3
features/animal_movement/domain/models/animal_movement_data.dart,animal_movement,domain,model/contract,48,1215,0,0,AnimalMovementData,False,False,4
features/animal_movement/presentation/screens/animal_movement_form_screen.dart,animal_movement,presentation,screen/widget,343,12025,1,1,AnimalMovementFormScreen,True,False,1
features/animal_movement/presentation/screens/animal_movement_list_screen.dart,animal_movement,presentation,screen/widget,689,21003,6,1,AnimalMovementListScreen | CurrentLocationCard | MovementSummaryCard | MovementRecordCard | MovementRoute | MovementInformation | EmptyMovementMessage,True,True,1
features/animal_reproduction/data/services/animal_reproduction_storage_service.dart,animal_reproduction,data,service/engine,79,2139,1,2,AnimalReproductionStorageService,False,False,7
features/animal_reproduction/domain/models/animal_reproduction_data.dart,animal_reproduction,domain,model/contract,94,2834,0,0,AnimalReproductionData,False,False,11
features/animal_reproduction/domain/services/animal_reproduction_event_service.dart,animal_reproduction,domain,service/engine,214,5519,4,0,AnimalReproductionEventService,False,False,1
features/animal_reproduction/presentation/screens/animal_reproduction_form_screen.dart,animal_reproduction,presentation,screen/widget,413,17656,1,1,AnimalReproductionFormScreen,True,False,1
features/animal_reproduction/presentation/screens/animal_reproduction_list_screen.dart,animal_reproduction,presentation,screen/widget,770,25709,7,1,AnimalReproductionListScreen | ReproductionSummaryCard | ReproductionRecordCard | ReproductionInformation | EmptyReproductionMessage,True,True,2
features/animal_reproduction/presentation/screens/reproduction_overview_screen.dart,animal_reproduction,presentation,screen/widget,529,17540,9,1,ReproductionOverviewScreen | ReproductionAnimalContext,True,True,1
features/animal_weight/data/services/animal_weight_storage_service.dart,animal_weight,data,service/engine,79,2098,1,2,AnimalWeightStorageService,False,False,5
features/animal_weight/domain/models/animal_weight_data.dart,animal_weight,domain,model/contract,27,641,0,0,AnimalWeightData,False,False,8
features/animal_weight/domain/services/animal_weight_event_service.dart,animal_weight,domain,service/engine,48,1254,3,0,AnimalWeightEventService,False,False,1
features/animal_weight/presentation/screens/animal_weight_form_screen.dart,animal_weight,presentation,screen/widget,237,7481,1,1,AnimalWeightFormScreen,True,False,1
features/animal_weight/presentation/screens/animal_weight_list_screen.dart,animal_weight,presentation,screen/widget,627,18933,7,1,AnimalWeightListScreen | WeightSummaryCard | WeightRecordCard | EmptyWeightsMessage,True,True,1
features/atlas_ai/data/services/atlas_ai_conversation_storage_service.dart,atlas_ai,data,service/engine,251,7636,3,2,AtlasAiConversationStorageService | AtlasAiStoredMessage,False,False,2
features/atlas_ai/data/services/atlas_ai_operation_actions_loader_service.dart,atlas_ai,data,service/engine,55,1531,4,0,AtlasAiOperationActionsLoaderService | AtlasAiOperationActionsLoadResult,False,False,1
features/atlas_ai/data/services/atlas_ai_tracked_action_storage_service.dart,atlas_ai,data,service/engine,141,3066,1,2,AtlasAiTrackedActionStorageService,False,False,3
features/atlas_ai/domain/models/atlas_ai_farm_context.dart,atlas_ai,domain,model/contract,409,10014,3,0,AtlasAiFarmContext | AtlasAiPriorityContext | AtlasAiAreaContext | AtlasAiInsightContext | AtlasAiActionContext | AtlasAiPredictiveContext,False,False,4
features/atlas_ai/domain/models/atlas_ai_memory.dart,atlas_ai,domain,model/contract,145,3449,2,0,AtlasAiMemory | AtlasAiMemoryIntent | AtlasAiMemoryArea | AtlasAiMemoryPendingAction,False,False,3
features/atlas_ai/domain/models/atlas_ai_operation_actions.dart,atlas_ai,domain,model/contract,204,4474,2,0,AtlasAiOperationActions | AtlasAiOperationActionProgress | AtlasAiFarmActionSummary | AtlasAiOperationPriorityAction | AtlasAiAreaActionSummary,False,False,3
features/atlas_ai/domain/models/atlas_ai_response.dart,atlas_ai,domain,model/contract,297,6229,2,0,AtlasAiResponse | AtlasAiEvidence | AtlasAiResponseActionStep | AtlasAiNavigationAction | AtlasAiIntent | AtlasAiNavigationActionType,False,False,6
features/atlas_ai/domain/models/atlas_ai_tracked_action.dart,atlas_ai,domain,model/contract,239,5689,1,0,AtlasAiTrackedAction | AtlasAiActionProgress | AtlasAiTrackedActionStatus,False,False,10
features/atlas_ai/domain/services/atlas_ai_action_tracking_service.dart,atlas_ai,domain,service/engine,296,7291,3,0,AtlasAiActionTrackingService,False,False,1
features/atlas_ai/domain/services/atlas_ai_context_service.dart,atlas_ai,domain,service/engine,243,7259,4,0,AtlasAiContextService,False,False,1
features/atlas_ai/domain/services/atlas_ai_memory_service.dart,atlas_ai,domain,service/engine,398,9585,4,0,AtlasAiMemoryService,False,False,1
features/atlas_ai/domain/services/atlas_ai_operation_actions_service.dart,atlas_ai,domain,service/engine,402,9309,3,0,AtlasAiOperationActionsService,False,False,1
features/atlas_ai/domain/services/atlas_ai_response_service.dart,atlas_ai,domain,service/engine,1973,53929,6,1,AtlasAiResponseService,False,False,1
features/atlas_ai/presentation/screens/atlas_ai_operation_actions_screen.dart,atlas_ai,presentation,screen/widget,1007,30170,3,1,AtlasAiOperationActionsScreen,True,False,1
features/atlas_ai/presentation/screens/atlas_ai_screen.dart,atlas_ai,presentation,screen/widget,2546,68898,11,1,AtlasAiScreen,True,False,1
features/atlas_bi/data/services/atlas_bi_loader_service.dart,atlas_bi,data,service/engine,316,10393,6,0,AtlasBiLoaderService,False,False,1
features/atlas_bi/domain/models/atlas_bi_benchmark.dart,atlas_bi,domain,model/contract,132,2977,1,0,AtlasBiBenchmarkData | AtlasBiBenchmarkFarm | AtlasBiBenchmarkIndicator | AtlasBiBenchmarkFarmResult | AtlasBiBenchmarkOpportunity,False,False,8
features/atlas_bi/domain/models/atlas_bi_data.dart,atlas_bi,domain,model/contract,326,6229,0,0,AtlasBiData | AtlasBiIndicator | AtlasBiSeriesPoint | AtlasBiFarmRanking | AtlasBiInsight | AtlasBiInput | AtlasBiIndicatorInput | AtlasBiCategory | AtlasBiStatus | AtlasBiTrend | AtlasBiInsightType | AtlasBiPriority,False,False,34
features/atlas_bi/domain/models/atlas_bi_forecast.dart,atlas_bi,domain,model/contract,167,3439,1,0,AtlasBiForecast | AtlasBiForecastPoint | AtlasBiForecastDashboardData | AtlasBiForecastTrend | AtlasBiForecastRisk,False,False,8
features/atlas_bi/domain/models/atlas_bi_management_summary.dart,atlas_bi,domain,model/contract,56,1479,1,0,AtlasBiManagementSummary | AtlasBiCategorySummary | AtlasBiManagementPriority,False,False,3
features/atlas_bi/domain/services/atlas_bi_benchmark_service.dart,atlas_bi,domain,service/engine,342,8868,2,0,AtlasBiBenchmarkService,False,False,3
features/atlas_bi/domain/services/atlas_bi_forecast_service.dart,atlas_bi,domain,service/engine,547,13823,2,1,AtlasBiForecastService,False,False,2
features/atlas_bi/domain/services/atlas_bi_management_service.dart,atlas_bi,domain,service/engine,108,3676,2,0,AtlasBiManagementService,False,False,1
features/atlas_bi/domain/services/atlas_bi_service.dart,atlas_bi,domain,service/engine,394,8628,1,0,AtlasBiService,False,False,1
features/atlas_bi/presentation/screens/atlas_bi_benchmark_screen.dart,atlas_bi,presentation,screen/widget,856,23673,3,1,AtlasBiBenchmarkScreen,True,False,1
features/atlas_bi/presentation/screens/atlas_bi_forecast_screen.dart,atlas_bi,presentation,screen/widget,800,21004,2,1,AtlasBiForecastScreen,True,False,1
features/atlas_bi/presentation/screens/atlas_bi_hub_screen.dart,atlas_bi,presentation,screen/widget,2033,68853,34,1,AtlasBiHubScreen,True,True,1
features/atlas_bi/presentation/screens/atlas_bi_management_dashboard_screen.dart,atlas_bi,presentation,screen/widget,307,9240,2,1,AtlasBiManagementDashboardScreen,True,False,1
features/atlas_bi/presentation/screens/atlas_bi_screen.dart,atlas_bi,presentation,screen/widget,966,25727,1,1,AtlasBiScreen,True,False,1
features/atlas_bi_analytics/domain/models/atlas_bi_analytics_data.dart,atlas_bi_analytics,domain,model/contract,294,6275,1,0,AtlasBiAnalyticsData | AtlasBiBottleneck | AtlasBiInvestmentOpportunity | AtlasBiCorrelation | AtlasBiScenarioAnalysis | AtlasBiAnalyticsInput | AtlasBiAnalyticsSeverity | AtlasBiAnalyticsEffort | AtlasBiCorrelationStrength | AtlasBiCorrelationDirection,False,False,8
features/atlas_bi_analytics/domain/services/atlas_bi_analytics_service.dart,atlas_bi_analytics,domain,service/engine,658,16631,2,1,AtlasBiAnalyticsService,False,False,2
features/atlas_bi_analytics/presentation/screens/atlas_bi_analytics_screen.dart,atlas_bi_analytics,presentation,screen/widget,719,19427,2,1,AtlasBiAnalyticsScreen,True,False,1
features/atlas_copilot/domain/models/atlas_copilot_data.dart,atlas_copilot,domain,model/contract,349,7429,1,0,AtlasCopilotData | AtlasCopilotIssue | AtlasCopilotPriority | AtlasCopilotAction | AtlasCopilotInvestment | AtlasCopilotAlert | AtlasCopilotRecommendation | AtlasCopilotChecklistItem | AtlasCopilotMaturityLevel | AtlasCopilotSeverity | AtlasCopilotPriorityLevel | AtlasCopilotAlertSource,False,False,2
features/atlas_copilot/domain/services/atlas_legacy_copilot_service.dart,atlas_copilot,domain,service/engine,710,20573,5,1,AtlasLegacyCopilotService,False,False,0
features/atlas_copilot/presentation/screens/atlas_legacy_copilot_screen.dart,atlas_copilot,presentation,screen/widget,790,24583,1,1,AtlasLegacyCopilotScreen,True,False,0
features/atlas_intelligence/domain/models/atlas_intelligence_data.dart,atlas_intelligence,domain,model/contract,272,5664,0,0,AtlasIntelligenceData | AtlasIntelligenceSignal | AtlasIntelligencePattern | AtlasIntelligenceHypothesis | AtlasIntelligenceRecommendation | AtlasIntelligenceStatus | AtlasIntelligenceSignalType | AtlasIntelligenceSeverity | AtlasIntelligencePatternType | AtlasIntelligencePriority,False,False,4
features/atlas_intelligence/domain/services/atlas_intelligence_service.dart,atlas_intelligence,domain,service/engine,968,26548,2,1,AtlasIntelligenceService,False,False,1
features/atlas_intelligence/presentation/screens/atlas_intelligence_screen.dart,atlas_intelligence,presentation,screen/widget,876,23778,1,1,AtlasIntelligenceScreen,True,False,0
features/atlas_os/domain/models/atlas_os_data.dart,atlas_os,domain,model/contract,264,5644,0,0,AtlasOsData | AtlasOsModuleState | AtlasOsCommand | AtlasOsDailyCycleItem | AtlasOsCriticalItem | AtlasOsStatus | AtlasOsModuleStatus | AtlasOsPriority | AtlasOsDayPeriod | AtlasOsCycleStatus | AtlasOsSeverity,False,False,5
features/atlas_os/domain/services/atlas_os_service.dart,atlas_os,domain,service/engine,455,12077,2,1,AtlasOsService,False,False,1
features/atlas_os/presentation/screens/atlas_os_screen.dart,atlas_os,presentation,screen/widget,791,23556,4,1,AtlasOsScreen,True,False,1
features/authentication/presentation/screens/login_screen.dart,authentication,presentation,screen/widget,157,5434,1,1,LoginScreen,True,False,1
features/authentication/presentation/screens/welcome_screen.dart,authentication,presentation,screen/widget,23,521,0,1,WelcomeScreen,True,False,0
features/autonomous_consultant/domain/models/atlas_consultant_report.dart,autonomous_consultant,domain,model/contract,103,2610,2,0,AtlasConsultantReport | AtlasConsultantAction | AtlasConsultantPriority,False,False,4
features/autonomous_consultant/domain/services/atlas_autonomous_consultant_service.dart,autonomous_consultant,domain,service/engine,603,18045,5,1,AtlasAutonomousConsultantService,False,False,2
features/autonomous_consultant/presentation/screens/atlas_autonomous_consultant_screen.dart,autonomous_consultant,presentation,screen/widget,818,23857,7,1,AtlasAutonomousConsultantScreen,True,True,2
features/benefits_realization/data/services/atlas_benefits_realization_repository.dart,benefits_realization,data,service/engine,74,1833,1,2,AtlasBenefitsRealizationRepository,False,False,3
features/benefits_realization/domain/models/atlas_benefit_realization.dart,benefits_realization,domain,model/contract,247,6811,2,0,AtlasBenefitRealization | AtlasBenefitPortfolio | AtlasBenefitRealizationStatus,False,False,7
features/benefits_realization/domain/services/atlas_benefits_realization_engine.dart,benefits_realization,domain,service/engine,218,6573,2,0,AtlasBenefitsRealizationEngine,False,False,1
features/benefits_realization/presentation/screens/atlas_benefits_realization_screen.dart,benefits_realization,presentation,screen/widget,752,21304,6,2,AtlasBenefitsRealizationScreen,True,True,3
features/command_center/data/services/atlas_command_repository.dart,command_center,data,service/engine,134,4999,1,2,AtlasCommandRepository,False,False,1
features/command_center/domain/models/atlas_command_center_data.dart,command_center,domain,model/contract,142,3822,0,0,AtlasCommandPriority | AtlasCommandItemStatus | AtlasCommandCategory | AtlasCommandItem | AtlasCommandCenterState | AtlasDailyBrief,False,False,3
features/command_center/domain/services/atlas_command_engine.dart,command_center,domain,service/engine,67,2272,1,0,AtlasCommandEngine,False,False,1
features/command_center/presentation/screens/atlas_command_center_screen.dart,command_center,presentation,screen/widget,610,19377,3,1,AtlasCommandCenterScreen,True,False,1
features/consultancy_hub/data/services/atlas_consultancy_repository.dart,consultancy_hub,data,service/engine,60,1999,1,2,AtlasConsultancyRepository,False,False,1
features/consultancy_hub/domain/models/atlas_consultancy_record.dart,consultancy_hub,domain,model/contract,91,2803,0,0,AtlasClientStatus | AtlasVisitStatus | AtlasConsultancyRecord,False,False,3
features/consultancy_hub/domain/services/atlas_consultancy_engine.dart,consultancy_hub,domain,service/engine,27,1326,1,0,AtlasConsultancySummary | AtlasConsultancyEngine,False,False,1
features/consultancy_hub/presentation/screens/atlas_consultancy_dashboard.dart,consultancy_hub,presentation,screen/widget,430,16621,3,1,AtlasConsultancyDashboard,False,False,1
features/consultancy_workflow/data/services/atlas_consultancy_workflow_repository.dart,consultancy_workflow,data,service/engine,70,2496,1,1,AtlasConsultancyWorkflowRepository,False,False,1
features/consultancy_workflow/domain/models/atlas_consultancy_case.dart,consultancy_workflow,domain,model/contract,191,5319,0,1,AtlasConsultancyStage | AtlasConsultancyStageLabel | AtlasConsultancyVisit | AtlasConsultancyAction | AtlasConsultancyCase,False,False,3
features/consultancy_workflow/domain/services/atlas_consultancy_workflow_engine.dart,consultancy_workflow,domain,service/engine,53,1837,1,0,AtlasConsultancyWorkflowSummary | AtlasConsultancyWorkflowEngine,False,False,1
features/consultancy_workflow/presentation/screens/atlas_consultancy_workflow_screen.dart,consultancy_workflow,presentation,screen/widget,305,10024,3,2,AtlasConsultancyWorkflowScreen,True,False,1
features/continuous_improvement/data/services/atlas_improvement_history_service.dart,continuous_improvement,data,service/engine,84,1931,1,2,AtlasImprovementHistoryService,False,False,2
features/continuous_improvement/domain/models/atlas_improvement_cycle.dart,continuous_improvement,domain,model/contract,231,6457,1,0,AtlasImprovementCycle | AtlasImprovementDecision | AtlasImprovementDecisionType | AtlasImprovementCycleClassification,False,False,4
features/continuous_improvement/domain/services/atlas_continuous_improvement_engine.dart,continuous_improvement,domain,service/engine,245,7672,4,0,AtlasContinuousImprovementEngine,False,False,1
features/continuous_improvement/presentation/screens/atlas_continuous_improvement_screen.dart,continuous_improvement,presentation,screen/widget,676,17910,10,1,AtlasContinuousImprovementScreen,True,True,2
features/copilot/data/services/atlas_copilot_feedback_analytics_service.dart,copilot,data,service/engine,193,4984,4,0,AtlasCopilotFeedbackAnalyticsService,False,False,2
features/copilot/data/services/atlas_copilot_history_storage_service.dart,copilot,data,service/engine,288,6322,2,2,AtlasCopilotHistoryStorageService,False,False,4
features/copilot/data/services/atlas_copilot_improvement_service.dart,copilot,data,service/engine,342,10078,3,0,AtlasCopilotImprovementService,False,False,1
features/copilot/domain/models/atlas_copilot_context_snapshot.dart,copilot,domain,model/contract,37,954,0,0,AtlasCopilotContextSnapshot,False,False,2
features/copilot/domain/models/atlas_copilot_conversation_summary.dart,copilot,domain,model/contract,70,1575,0,0,AtlasCopilotConversationSummary,False,False,3
features/copilot/domain/models/atlas_copilot_feedback_analytics.dart,copilot,domain,model/contract,102,2382,2,0,AtlasCopilotFeedbackAnalytics | AtlasCopilotIntentFeedbackMetric | AtlasCopilotContextFeedbackMetric | AtlasCopilotRecentFeedbackItem,False,False,3
features/copilot/domain/models/atlas_copilot_improvement_plan.dart,copilot,domain,model/contract,96,2066,1,0,AtlasCopilotImprovementPlan | AtlasCopilotImprovementPriority | AtlasCopilotImprovementStrength | AtlasCopilotImprovementLevel,False,False,2
features/copilot/domain/models/atlas_copilot_message.dart,copilot,domain,model/contract,178,4314,1,0,AtlasCopilotMessageAuthor | AtlasCopilotMessageFeedback | AtlasCopilotMessage,False,False,8
features/copilot/domain/services/atlas_copilot_context_service.dart,copilot,domain,service/engine,121,4338,4,0,AtlasCopilotContextService,False,False,1
features/copilot/presentation/controllers/atlas_copilot_controller.dart,copilot,presentation,service/engine,289,6956,5,1,AtlasCopilotController,False,False,1
features/copilot/presentation/screens/atlas_copilot_conversation_viewer_screen.dart,copilot,presentation,screen/widget,571,15660,4,1,AtlasCopilotConversationViewerScreen | AtlasCopilotConversationViewerResult,True,False,1
features/copilot/presentation/screens/atlas_copilot_feedback_analytics_screen.dart,copilot,presentation,screen/widget,847,22386,5,1,AtlasCopilotFeedbackAnalyticsScreen,True,True,1
features/copilot/presentation/screens/atlas_copilot_history_screen.dart,copilot,presentation,screen/widget,860,25847,3,1,AtlasCopilotHistoryScreen | AtlasCopilotHistoryFilter | AtlasCopilotHistorySort,True,True,1
features/copilot/presentation/screens/atlas_copilot_improvement_screen.dart,copilot,presentation,screen/widget,480,14547,3,1,AtlasCopilotImprovementScreen,True,False,1
features/copilot/presentation/screens/atlas_copilot_screen.dart,copilot,presentation,screen/widget,807,26241,16,1,AtlasCopilotScreen,True,True,2
features/copilot/presentation/widgets/copilot_chat_bubble.dart,copilot,presentation,screen/widget,246,7746,2,1,CopilotChatBubble,False,False,1
features/copilot/presentation/widgets/copilot_input_bar.dart,copilot,presentation,screen/widget,123,3038,0,1,CopilotInputBar,False,False,1
features/copilot/presentation/widgets/copilot_suggestions.dart,copilot,presentation,screen/widget,51,1219,0,1,CopilotSuggestions,False,False,1
features/dashboard/data/services/executive_dashboard_excel_service.dart,dashboard,data,service/engine,1248,32425,2,1,ExecutiveDashboardExcelService,False,False,1
features/dashboard/data/services/executive_dashboard_pdf_service.dart,dashboard,data,service/engine,1064,34855,2,4,ExecutiveDashboardPdfService,False,False,0
features/dashboard/data/services/executive_opinion_pdf_service.dart,dashboard,data,service/engine,769,24864,1,4,ExecutiveOpinionPdfService,False,False,1
features/dashboard/domain/models/executive_dashboard_data.dart,dashboard,domain,model/contract,587,15735,0,0,ExecutiveDashboardData | ExecutiveKpiData | ExecutiveAlertData | ExecutiveRecommendationData | ExecutiveRankingItem | ExecutiveDistributionItemData | ExecutiveEvolutionPoint | ExecutiveTrendData | ExecutiveKpiType | ExecutiveIndicatorStatus | ExecutiveAlertSeverity | ExecutiveRecommendationPriority | ExecutiveTrendDirection,False,False,5
features/dashboard/domain/models/executive_decision_data.dart,dashboard,domain,model/contract,666,18843,0,0,ExecutiveDecisionData | ExecutiveDecisionScore | ExecutiveScoreComponent | ExecutivePriorityAction | ExecutiveDecisionRankingItem | ExecutivePredictionData | ExecutiveHeatMapItem | ExecutiveAssistantMessage | ExecutiveDecisionSummary | ExecutiveDecisionLevel | ExecutivePredictionTargetType,False,False,12
features/dashboard/domain/services/atlas_copilot_service.dart,dashboard,domain,service/engine,1045,29002,2,0,AtlasCopilotService | AtlasCopilotResponse | AtlasCopilotAction | AtlasCopilotIntent | AtlasCopilotAnswerSource | AtlasCopilotActionType,False,False,10
features/dashboard/domain/services/atlas_operations_intelligence_service.dart,dashboard,domain,service/engine,901,27879,1,0,AtlasOperationsIntelligenceService | AtlasIntelligenceBrief | AtlasIntelligenceInsight | AtlasGroupAnalysis | AtlasIntelligenceLevel | AtlasInsightIconType | AtlasGroupType,False,False,6
features/dashboard/domain/services/decision_assistant_engine.dart,dashboard,domain,service/engine,338,10410,3,0,DecisionAssistantEngine | DecisionAssistantBrief,False,False,1
features/dashboard/domain/services/decision_heatmap_engine.dart,dashboard,domain,service/engine,492,13430,3,0,DecisionHeatMapEngine,False,False,1
features/dashboard/domain/services/decision_prediction_engine.dart,dashboard,domain,service/engine,693,20974,4,0,DecisionPredictionEngine,False,False,1
features/dashboard/domain/services/decision_priority_engine.dart,dashboard,domain,service/engine,586,16141,3,0,DecisionPriorityEngine | DecisionPrioritySummary,False,False,2
features/dashboard/domain/services/decision_scenario_simulator.dart,dashboard,domain,model/contract,628,19725,1,0,DecisionScenarioSimulator | DecisionScenarioResult | DecisionScenarioCombination,False,False,1
features/dashboard/domain/services/decision_score_engine.dart,dashboard,domain,service/engine,1071,29012,3,0,DecisionScoreEngine | DecisionScoreContext | DecisionGroupStatistics | DecisionActionScore | DecisionScoreComponent,False,False,5
features/dashboard/domain/services/executive_dashboard_service.dart,dashboard,domain,service/engine,1376,43029,3,0,ExecutiveDashboardService,False,False,1
features/dashboard/domain/services/executive_decision_service.dart,dashboard,domain,service/engine,548,16947,8,0,ExecutiveDecisionService,False,False,1
features/dashboard/domain/services/executive_opinion_service.dart,dashboard,domain,service/engine,962,27858,1,0,ExecutiveOpinionService | ExecutiveOpinionData | ExecutiveOpinionItem | ExecutiveOpinionPriorityItem | ExecutiveOpinionRecommendation | ExecutiveOperationClassification | ExecutiveOpinionImpact,False,False,5
features/dashboard/presentation/screens/atlas_operations_intelligence_screen.dart,dashboard,presentation,screen/widget,1267,39720,2,1,AtlasOperationsIntelligenceScreen | AtlasCopilotIntelligenceCard | AtlasIntelligenceHero | AtlasOperationScorePanel | AtlasSituationSummaryGrid | AtlasSummaryCard | AtlasSectionTitle | AtlasTodayGuidanceCard | AtlasPriorityList | AtlasInsightGrid | AtlasInsightCard | AtlasGroupAnalysisTabs | AtlasGroupAnalysisList | AtlasSmallMetric | AtlasIntelligenceBadge | AtlasDecisionBadge,True,False,1
features/dashboard/presentation/screens/dashboard_screen.dart,dashboard,presentation,screen/widget,2256,68204,20,1,DashboardScreen | TechnicalDashboardAccessCard | ExecutiveDashboardAccessCard | ExecutiveDashboardAccessChip | WelcomeHeader | WelcomeMetric | DashboardIndicators | IndicatorCard | SectionTitle | ModulesGrid | ModuleData | TodayActivities | ActivityTile | NextActivitiesCard | EmptyActivitiesCard | DashboardAlertsCard | DashboardAlertLine | AtlasInsightCard | AlertSummaryTile | AtlasDrawer | DashboardAgendaContext,True,True,1
features/dashboard/presentation/screens/decision_scenario_simulator_screen.dart,dashboard,presentation,screen/widget,1046,32435,2,1,DecisionScenarioSimulatorScreen | ScenarioSimulatorHero | ScenarioHeroChip | ScenarioProjectedScorePanel | ScenarioComparisonGrid | ScenarioComparisonCard | ScenarioMetricValue | ScenarioSectionTitle | ScenarioActionSelectionCard | ScenarioResultCard | ScenarioResultChip | ScenarioCombinationList | ScenarioCombinationCard | ScenarioLevelBadge,True,False,1
features/dashboard/presentation/screens/executive_dashboard_screen.dart,dashboard,presentation,screen/widget,9930,339585,133,1,ExecutiveDashboardScreen | ExecutiveCommandCenterAccessCard | ExecutiveQualityCenterAccessCard | ExecutiveDataGovernanceAccessCard | ExecutiveEnterprisePlatformAccessCard | ExecutiveReportingAccessCard | ExecutiveOfflineFieldAccessCard | ExecutiveConsultancyHubAccessCard | ExecutiveIntegrationHubAccessCard | ExecutiveUnifiedWorkflowAccessCard | ExecutiveFarmOperationsAccessCard | ExecutivePredictiveAiAccessCard | ExecutivePerformanceIntelligenceAccessCard | ExecutiveStrategicExecutionAccessCard | ExecutiveInvestmentCapitalAccessCard | ExecutiveStrategicScenarioPlanningAccessCard | ExecutiveStrategicAlignmentAccessCard | ExecutiveStrategicCapacityAccessCard | ExecutivePortfolioManagementAccessCard | ExecutiveValueGovernanceAccessCard | ExecutiveBenefitsRealizationAccessCard | ExecutiveStrategyExecutionAccessCard | ExecutiveDecisionIntelligenceLabAccessCard | ExecutiveRecommendationIntelligenceAccessCard | ExecutiveKnowledgeLearningAccessCard | ExecutiveContinuousImprovementAccessCard | ExecutivePerformanceCenterAccessCard | ExecutiveActionPlanAccessCard | ExecutiveFarmAuditAccessCard | ExecutiveAutonomousConsultantAccessCard | ExecutiveOptimizationAccessCard | ExecutiveScenarioSimulatorAccessCard | ExecutiveDigitalTwinAccessCard | ExecutiveEventCenterAccessCard | ExecutiveBrainAccessCard | ExecutiveAtlasOsAccessCard | ExecutiveMissionControlCard | ExecutiveWelcomeHeader | ExecutiveCompletionGauge | ExecutiveHeaderChip | ExecutiveKpiGrid | ExecutiveKpiCard | ExecutiveSectionTitle | ExecutiveAtlasBiForecastCard | ExecutiveAtlasBiCard | ExecutiveStrategyCard | ExecutiveGoalStrategyCard | ExecutiveGoalsCard | ExecutiveKpisCard | ExecutiveAlertsCard | ExecutiveOperationActionsCard | ExecutiveComparativeDiagnosticCard | ExecutiveCopilotAccessCard | ExecutiveCopilotQuestionChip | ExecutiveAtlasIntelligenceAccessCard | ExecutiveAtlasIntelligenceChip | ExecutiveDecisionAccessCard | ExecutiveDecisionAccessChip | ExecutiveIntelligenceAlertsPanel | ExecutiveIntelligenceDistributionGrid | ExecutiveIntelligenceRecommendationCard | ExecutiveAlertsPanel | ExecutiveAlertTile | ExecutiveAlertData | ExecutiveUpcomingActionsCard | ExecutiveUpcomingActionTile | ExecutiveDistributionGrid | ExecutiveDistributionCard | ExecutiveDistributionItem | ExecutiveRecommendationCard | ExecutiveReleaseCandidateAccessCard | ExecutiveConsultancyWorkflowAccessCard | ExecutiveSystemCenterAccessCard | ExecutiveFoundationCenterAccessCard | ExecutiveOrchestratorAccessCard | ExecutiveObservabilityAccessCard | ExecutiveIntegrationCoreAccessCard | ExecutiveSyncPlatformAccessCard,True,True,1
features/dashboard/presentation/screens/executive_decision_center_screen.dart,dashboard,presentation,screen/widget,1528,48181,2,1,ExecutiveDecisionCenterScreen | DecisionScenarioAccessCard | DecisionAssistantHero | DecisionAssistantPriorityBox | DecisionConsultantScorePanel | DecisionSummaryGrid | DecisionSummaryCard | DecisionSectionTitle | DecisionPriorityList | DecisionPriorityTile | DecisionMetricChip | DecisionPredictionGrid | DecisionPredictionCard | DecisionHeatMapGrid | DecisionHeatMapCard | DecisionMiniStat | DecisionRankingGrid | DecisionRankingCard | DecisionConsultantScoreDetails | DecisionLevelBadge,True,True,1
features/dashboard/presentation/widgets/dashboard_action_summary_card.dart,dashboard,presentation,screen/widget,487,13874,4,1,DashboardActionSummaryCard | DashboardActionMetric | DashboardActionTile,False,True,1
features/dashboard/presentation/widgets/executive_opinion_card.dart,dashboard,presentation,screen/widget,1289,43140,2,1,ExecutiveOpinionCard | ExecutiveOpinionScorePanel | ExecutiveOpinionPreviewSection | ExecutiveOpinionPriorityPreview | ExecutiveOpinionMainRecommendation | ExecutiveOpinionDialog | ExecutiveOpinionDialogSummary | ExecutiveOpinionDialogMetric | ExecutiveOpinionDialogSection | ExecutiveOpinionItemListSection | ExecutiveOpinionPriorityListSection | ExecutiveOpinionRecommendationListSection,False,False,1
features/data_governance/data/services/atlas_data_governance_repository.dart,data_governance,data,service/engine,106,3619,1,2,AtlasDataGovernanceRepository,False,False,1
features/data_governance/domain/models/atlas_data_governance.dart,data_governance,domain,model/contract,94,2541,0,1,AtlasBackupSnapshot | AtlasIntegrityCheck | AtlasDataGovernanceSummary,False,False,3
features/data_governance/domain/services/atlas_data_governance_engine.dart,data_governance,domain,service/engine,46,1517,1,0,AtlasDataGovernanceEngine,False,False,1
features/data_governance/presentation/screens/atlas_data_governance_screen.dart,data_governance,presentation,screen/widget,297,9628,3,2,AtlasDataGovernanceScreen,True,False,1
features/decision_engine/domain/models/atlas_decision_engine_data.dart,decision_engine,domain,service/engine,254,5191,1,0,AtlasDecisionEngineData | AtlasDecisionRecommendation | AtlasDecisionExecutionStep | AtlasDecisionMonitoringIndicator | AtlasDecisionEngineStatus | AtlasDecisionPriority | AtlasDecisionUrgency | AtlasDecisionRisk | AtlasDecisionStatus,False,False,7
features/decision_engine/domain/services/atlas_decision_engine_service.dart,decision_engine,domain,service/engine,1052,27907,7,1,AtlasDecisionEngineService,False,False,2
features/decision_engine/presentation/screens/atlas_decision_engine_screen.dart,decision_engine,presentation,screen/widget,743,20783,1,1,AtlasDecisionEngineScreen,True,False,1
features/decision_engine_v2/domain/adapters/atlas_decision_engine_v2_contract_adapter.dart,decision_engine_v2,domain,service/engine,159,5229,3,0,AtlasDecisionEngineV2ContractAdapter | AtlasDecisionEngineV2CanonicalExtension,False,False,1
features/decision_engine_v2/domain/models/atlas_decision_engine_v2_data.dart,decision_engine_v2,domain,service/engine,302,6399,1,0,AtlasDecisionEngineV2Data | AtlasDecisionV2Action | AtlasDecisionV2Simulation | AtlasDecisionEngineV2Status | AtlasDecisionV2Horizon | AtlasDecisionV2Priority | AtlasDecisionV2Urgency | AtlasDecisionV2Risk | AtlasDecisionV2Effort | AtlasDecisionV2SimulationType,False,False,6
features/decision_engine_v2/domain/services/atlas_decision_engine_v2_service.dart,decision_engine_v2,domain,service/engine,894,23791,5,1,AtlasDecisionEngineV2Service,False,False,2
features/decision_engine_v2/presentation/screens/atlas_decision_engine_v2_screen.dart,decision_engine_v2,presentation,screen/widget,869,23479,1,1,AtlasDecisionEngineV2Screen,True,False,1
features/decision_intelligence_lab/domain/models/atlas_decision_scenario.dart,decision_intelligence_lab,domain,model/contract,121,3036,1,0,AtlasDecisionScenarioInput | AtlasDecisionScenarioResult | AtlasDecisionComparison | AtlasDecisionRisk,False,False,6
features/decision_intelligence_lab/domain/services/atlas_decision_intelligence_engine.dart,decision_intelligence_lab,domain,service/engine,247,7885,3,1,AtlasDecisionIntelligenceEngine,False,False,1
features/decision_intelligence_lab/presentation/screens/atlas_decision_intelligence_lab_screen.dart,decision_intelligence_lab,presentation,screen/widget,1126,32747,8,2,AtlasDecisionIntelligenceLabScreen,True,True,2
features/decision_tracking/domain/models/atlas_decision_tracking_data.dart,decision_tracking,domain,model/contract,262,6559,2,0,AtlasDecisionTrackingData | AtlasDecisionExecution | AtlasDecisionExecutionStepState | AtlasDecisionMeasurement | AtlasDecisionExecutionStatus,False,False,3
features/decision_tracking/domain/services/atlas_decision_tracking_service.dart,decision_tracking,domain,service/engine,256,6952,2,0,AtlasDecisionTrackingService,False,False,1
features/decision_tracking/presentation/screens/atlas_decision_tracking_screen.dart,decision_tracking,presentation,screen/widget,926,25890,2,1,AtlasDecisionTrackingScreen,True,False,0
features/diagnostics/data/services/atlas_comparative_diagnostic_loader_service.dart,diagnostics,data,service/engine,140,4529,11,0,AtlasComparativeDiagnosticLoaderService | AtlasComparativeDiagnosticLoadResult,False,False,1
features/diagnostics/domain/models/atlas_comparative_diagnostic_data.dart,diagnostics,domain,model/contract,260,6086,2,0,AtlasComparativeDiagnosticData | AtlasComparativeFarmRanking | AtlasComparativeAreaData | AtlasComparativeHighlight | AtlasComparativePriority | AtlasComparativeHighlightType,False,False,3
features/diagnostics/domain/models/atlas_diagnostic_data.dart,diagnostics,domain,model/contract,282,6271,1,0,AtlasDiagnosticData | AtlasDiagnosticArea | AtlasDiagnosticInsight | AtlasDiagnosticPriority | AtlasDiagnosticAction | AtlasDiagnosticLevel | AtlasDiagnosticHorizon,False,False,18
features/diagnostics/domain/services/atlas_comparative_diagnostic_service.dart,diagnostics,domain,service/engine,486,12780,3,0,AtlasComparativeDiagnosticService,False,False,1
features/diagnostics/domain/services/atlas_diagnostic_service.dart,diagnostics,domain,service/engine,788,21051,3,0,AtlasDiagnosticService,False,False,3
features/diagnostics/presentation/screens/atlas_comparative_diagnostic_screen.dart,diagnostics,presentation,screen/widget,1180,40095,3,1,AtlasComparativeDiagnosticScreen,True,False,1
features/diagnostics/presentation/screens/atlas_diagnostic_screen.dart,diagnostics,presentation,screen/widget,1376,39973,2,1,AtlasDiagnosticScreen,True,False,1
features/digital_twin/domain/models/atlas_digital_twin.dart,digital_twin,domain,model/contract,414,11039,0,0,AtlasDigitalTwin | AtlasFarmHealth | AtlasFarmRisk | AtlasFarmTimelineEvent | AtlasDigitalTwinArea | AtlasDigitalTwinTrend | AtlasDigitalTwinImpact | AtlasFarmRiskLevel,False,False,20
features/digital_twin/domain/models/atlas_digital_twin_simulation.dart,digital_twin,domain,model/contract,56,1506,1,0,AtlasDigitalTwinSimulationRequest | AtlasDigitalTwinSimulationResult | AtlasDigitalTwinAreaInsight,False,False,2
features/digital_twin/domain/services/atlas_digital_twin_event_reducer.dart,digital_twin,domain,support,401,10561,3,0,AtlasDigitalTwinEventReducer,False,False,1
features/digital_twin/domain/services/atlas_digital_twin_score_service.dart,digital_twin,domain,service/engine,49,1079,1,0,AtlasDigitalTwinScoreService,False,False,2
features/digital_twin/domain/services/atlas_digital_twin_service.dart,digital_twin,domain,service/engine,211,4453,5,3,AtlasDigitalTwinService,False,False,6
features/digital_twin/domain/services/atlas_digital_twin_v2_engine.dart,digital_twin,domain,service/engine,159,6345,2,0,AtlasDigitalTwinV2Engine,False,False,1
features/digital_twin/presentation/screens/atlas_digital_twin_screen.dart,digital_twin,presentation,screen/widget,463,15942,4,2,AtlasDigitalTwinScreen,True,False,1
features/enterprise_platform/data/services/atlas_enterprise_repository.dart,enterprise_platform,data,service/engine,123,3737,1,2,AtlasEnterpriseRepository,False,False,1
features/enterprise_platform/domain/models/atlas_enterprise_data.dart,enterprise_platform,domain,model/contract,201,5719,0,0,AtlasTenantStatus | AtlasSubscriptionPlan | AtlasUserRole | AtlasAuditAction | AtlasTenant | AtlasEnterpriseUser | AtlasAuditEntry | AtlasEnterpriseState,False,False,3
features/enterprise_platform/domain/services/atlas_enterprise_engine.dart,enterprise_platform,domain,service/engine,41,1235,1,0,AtlasEnterpriseSummary | AtlasEnterpriseEngine,False,False,1
features/enterprise_platform/presentation/screens/atlas_enterprise_platform_screen.dart,enterprise_platform,presentation,screen/widget,841,30202,3,1,AtlasEnterprisePlatformScreen,True,False,1
features/executive_ai_advisor/domain/models/atlas_executive_ai_advisor_data.dart,executive_ai_advisor,domain,model/contract,325,7894,1,0,AtlasExecutiveAiAdvisorData | AtlasExecutiveAdvisorPriority | AtlasExecutiveAdvisorFinancialOpportunity | AtlasExecutiveAdvisorRisk | AtlasExecutiveAdvisorBottleneck | AtlasExecutiveAdvisorRecommendation | AtlasExecutiveAdvisorAction | AtlasExecutiveAdvisorStatus | AtlasExecutiveAdvisorSeverity | AtlasExecutiveAdvisorPriorityLevel | AtlasExecutiveAdvisorActionSource,False,False,5
features/executive_ai_advisor/domain/services/atlas_executive_ai_advisor_service.dart,executive_ai_advisor,domain,service/engine,753,22058,6,1,AtlasExecutiveAiAdvisorService,False,False,2
features/executive_ai_advisor/presentation/screens/atlas_executive_ai_advisor_screen.dart,executive_ai_advisor,presentation,screen/widget,917,24828,1,1,AtlasExecutiveAiAdvisorScreen,True,False,1
features/executive_alerts/data/services/atlas_executive_alert_loader_service.dart,executive_alerts,data,service/engine,224,7318,14,0,AtlasExecutiveAlertLoaderService | AtlasExecutiveAlertLoadResult,False,False,2
features/executive_alerts/data/services/atlas_executive_alert_state_storage_service.dart,executive_alerts,data,service/engine,140,3051,1,2,AtlasExecutiveAlertStateStorageService,False,False,1
features/executive_alerts/domain/adapters/atlas_executive_alert_contract_adapter.dart,executive_alerts,domain,service/engine,92,3034,3,0,AtlasExecutiveAlertContractAdapter | AtlasExecutiveAlertSummaryCanonicalExtension,False,False,1
features/executive_alerts/domain/models/atlas_executive_alert.dart,executive_alerts,domain,model/contract,272,5891,2,0,AtlasExecutiveAlert | AtlasExecutiveAlertSummary | AtlasExecutiveFarmAlertSummary | AtlasExecutiveAreaAlertSummary | AtlasExecutiveAlertType | AtlasExecutiveAlertSeverity,False,False,7
features/executive_alerts/domain/models/atlas_executive_alert_state.dart,executive_alerts,domain,model/contract,235,5720,1,0,AtlasExecutiveAlertState | AtlasExecutiveAlertTreatmentItem | AtlasExecutiveAlertTreatmentProgress | AtlasExecutiveAlertTreatmentStatus,False,False,3
features/executive_alerts/domain/services/atlas_executive_alert_service.dart,executive_alerts,domain,service/engine,1275,35628,6,0,AtlasExecutiveAlertService | AtlasExecutiveFarmAlertInput | AtlasExecutiveAnimalHealthContext | AtlasExecutiveAnimalReproductionContext,False,False,2
features/executive_alerts/domain/services/atlas_executive_alert_treatment_service.dart,executive_alerts,domain,service/engine,247,6391,2,0,AtlasExecutiveAlertTreatmentService,False,False,1
features/executive_alerts/presentation/screens/atlas_executive_alerts_screen.dart,executive_alerts,presentation,screen/widget,1294,43466,5,1,AtlasExecutiveAlertsScreen,True,False,1
features/executive_brain/domain/models/atlas_executive_brain_data.dart,executive_brain,domain,model/contract,507,11316,0,0,AtlasExecutiveBrainData | AtlasExecutiveBrainDecision | AtlasExecutiveBrainStrategy | AtlasExecutiveStrategyPillar | AtlasExecutiveCrossImpact | AtlasExecutiveConflict | AtlasExecutiveBrainAction | AtlasExecutiveScoreDimension | AtlasExecutiveRadarItem | AtlasExecutiveRadarType | AtlasExecutiveMemoryInsight | AtlasExecutiveBrainStatus | AtlasExecutiveBrainPriority | AtlasExecutiveBrainSeverity | AtlasExecutiveBrainHorizon | AtlasExecutiveImpactDirection | AtlasExecutiveConflictType | AtlasExecutiveMemoryInsightType,False,False,12
features/executive_brain/domain/models/atlas_executive_brain_history.dart,executive_brain,domain,model/contract,112,3946,1,0,AtlasExecutiveBrainHistoryEntry | AtlasExecutiveBrainChangeType,False,False,3
features/executive_brain/domain/services/atlas_event_analytics_brain_bridge.dart,executive_brain,domain,support,424,10529,3,0,AtlasEventAnalyticsBrainBridge,False,False,1
features/executive_brain/domain/services/atlas_executive_brain_canonical_service.dart,executive_brain,domain,service/engine,288,9564,5,0,AtlasExecutiveBrainCanonicalService,False,False,1
features/executive_brain/domain/services/atlas_executive_brain_event_service.dart,executive_brain,domain,service/engine,317,9189,6,0,AtlasExecutiveBrainEventService,False,False,1
features/executive_brain/domain/services/atlas_executive_brain_history_service.dart,executive_brain,domain,service/engine,117,2844,1,3,AtlasExecutiveBrainHistoryService,False,False,2
features/executive_brain/domain/services/atlas_executive_brain_service.dart,executive_brain,domain,service/engine,937,28467,3,1,AtlasExecutiveBrainService,False,False,1
features/executive_brain/presentation/screens/atlas_executive_brain_historical_intelligence_screen.dart,executive_brain,presentation,screen/widget,790,22618,5,1,AtlasExecutiveBrainHistoricalIntelligenceScreen,True,False,1
features/executive_brain/presentation/screens/atlas_executive_brain_history_screen.dart,executive_brain,presentation,screen/widget,463,14788,2,1,AtlasExecutiveBrainHistoryScreen,True,False,1
features/executive_brain/presentation/screens/atlas_executive_brain_screen.dart,executive_brain,presentation,screen/widget,1292,37770,3,1,AtlasExecutiveBrainScreen,True,True,1
features/executive_core/domain/models/atlas_executive_core_data.dart,executive_core,domain,model/contract,328,7173,0,0,AtlasExecutiveCoreData | AtlasExecutiveCorePriority | AtlasExecutiveCoreRisk | AtlasExecutiveCoreOpportunity | AtlasExecutiveCoreDecision | AtlasExecutiveCoreMission | AtlasExecutiveMemoryRecord | AtlasExecutiveCoreStatus | AtlasExecutiveCorePriorityLevel | AtlasExecutiveCoreSeverity | AtlasExecutiveMemoryType,False,False,5
features/executive_core/domain/services/atlas_executive_core_service.dart,executive_core,domain,service/engine,943,23811,3,1,AtlasExecutiveCoreService,False,False,1
features/executive_core/presentation/screens/atlas_executive_core_screen.dart,executive_core,presentation,screen/widget,1115,30428,1,1,AtlasExecutiveCoreScreen,True,False,0
features/executive_goals/data/services/atlas_executive_goal_history_storage_service.dart,executive_goals,data,service/engine,74,1990,1,2,AtlasExecutiveGoalHistoryStorageService,False,False,2
features/executive_goals/data/services/atlas_executive_goal_storage_service.dart,executive_goals,data,service/engine,93,2030,1,2,AtlasExecutiveGoalStorageService,False,False,3
features/executive_goals/domain/models/atlas_executive_goal.dart,executive_goals,domain,model/contract,391,9505,1,0,AtlasExecutiveGoal | AtlasExecutiveGoalProgress | AtlasExecutiveGoalDashboardData | AtlasExecutiveFarmGoalSummary | AtlasExecutiveGoalStatus | AtlasExecutiveGoalPriority,False,False,9
features/executive_goals/domain/models/atlas_executive_goal_history.dart,executive_goals,domain,model/contract,158,4381,1,0,AtlasExecutiveGoalHistoryEventType | AtlasExecutiveGoalRiskLevel | AtlasExecutiveGoalHistoryEvent | AtlasExecutiveGoalHistorySeries | AtlasExecutiveGoalHistorySummary,False,False,7
features/executive_goals/domain/services/atlas_executive_goal_history_service.dart,executive_goals,domain,service/engine,227,5703,2,0,AtlasExecutiveGoalHistoryService,False,False,2
features/executive_goals/domain/services/atlas_executive_goal_service.dart,executive_goals,domain,service/engine,477,11359,2,0,AtlasExecutiveGoalService,False,False,3
features/executive_goals/presentation/screens/atlas_executive_goal_history_screen.dart,executive_goals,presentation,screen/widget,250,6938,1,1,AtlasExecutiveGoalHistoryScreen,True,False,2
features/executive_goals/presentation/screens/atlas_executive_goals_screen.dart,executive_goals,presentation,screen/widget,1674,47802,8,1,AtlasExecutiveGoalsScreen,True,True,2
features/executive_intelligence/domain/models/atlas_executive_intelligence_data.dart,executive_intelligence,domain,model/contract,323,7159,1,0,AtlasExecutiveIntelligenceData | AtlasExecutiveRootCause | AtlasExecutiveCascadeEffect | AtlasExecutiveConsequence | AtlasExecutivePriority | AtlasExecutiveInsight | AtlasExecutiveIntelligenceMaturity | AtlasExecutiveIntelligenceSeverity | AtlasExecutiveCascadeDirection | AtlasExecutiveInsightType | AtlasExecutiveInsightPriority,False,False,6
features/executive_intelligence/domain/services/atlas_executive_intelligence_service.dart,executive_intelligence,domain,service/engine,815,24889,5,1,AtlasExecutiveIntelligenceService,False,False,2
features/executive_intelligence/presentation/screens/atlas_executive_intelligence_screen.dart,executive_intelligence,presentation,screen/widget,747,23344,1,1,AtlasExecutiveIntelligenceScreen,True,False,1
features/executive_kpis/data/services/atlas_executive_kpi_history_storage_service.dart,executive_kpis,data,service/engine,138,2982,1,2,AtlasExecutiveKpiHistoryStorageService,False,False,1
features/executive_kpis/data/services/atlas_executive_kpi_loader_service.dart,executive_kpis,data,service/engine,393,11947,3,0,AtlasExecutiveKpiLoaderService | AtlasExecutiveKpiLoadResult,False,False,1
features/executive_kpis/domain/models/atlas_executive_kpi.dart,executive_kpis,domain,model/contract,428,9178,0,0,AtlasExecutiveKpi | AtlasExecutiveFarmKpiSummary | AtlasExecutiveKpiCategorySummary | AtlasExecutiveKpiDashboardData | AtlasExecutiveFarmKpiInput | AtlasExecutiveKpiInput | AtlasExecutiveKpiCategory | AtlasExecutiveKpiDirection | AtlasExecutiveKpiTrend | AtlasExecutiveKpiStatus,False,False,12
features/executive_kpis/domain/models/atlas_executive_kpi_history.dart,executive_kpis,domain,model/contract,190,4389,1,0,AtlasExecutiveKpiHistoryPoint | AtlasExecutiveKpiHistorySeries | AtlasExecutiveKpiHistorySummary,False,False,6
features/executive_kpis/domain/services/atlas_executive_kpi_history_service.dart,executive_kpis,domain,service/engine,283,6757,2,0,AtlasExecutiveKpiHistoryService,False,False,1
features/executive_kpis/domain/services/atlas_executive_kpi_service.dart,executive_kpis,domain,service/engine,509,12473,1,0,AtlasExecutiveKpiService,False,False,1
features/executive_kpis/presentation/screens/atlas_executive_kpi_history_screen.dart,executive_kpis,presentation,screen/widget,958,24713,2,2,AtlasExecutiveKpiHistoryScreen,True,False,1
features/executive_kpis/presentation/screens/atlas_executive_kpis_screen.dart,executive_kpis,presentation,screen/widget,1914,56782,7,1,AtlasExecutiveKpisScreen,True,True,1
features/farm/data/services/farm_storage_service.dart,farm,data,service/engine,39,1002,1,2,FarmStorageService,False,False,14
features/farm/domain/models/farm_data.dart,farm,domain,model/contract,35,736,0,0,FarmData,False,False,33
features/farm/domain/services/atlas_farm_intelligence_service.dart,farm,domain,service/engine,1970,58019,7,0,AtlasFarmIntelligenceService | AtlasFarmIntelligenceData | AtlasFarmFinanceAnalysis | AtlasFarmHerdAnalysis | AtlasFarmPaddockAnalysis | AtlasFarmInventoryAnalysis | AtlasFarmAgendaAnalysis | AtlasFarmInsight | AtlasFarmPriority | AtlasFarmIntelligenceLevel | AtlasFarmAnalysisArea,False,False,31
features/farm/presentation/screens/atlas_farm_intelligence_screen.dart,farm,presentation,screen/widget,827,26205,1,1,AtlasFarmIntelligenceScreen,True,False,1
features/farm/presentation/screens/farm_detail_screen.dart,farm,presentation,screen/widget,3028,100874,30,1,FarmDetailScreen | FarmAtlasAiAccessCard | FarmPredictiveAccessCard | FarmDiagnosticAccessCard | FarmIntelligenceAccessCard | FarmDashboardHeader | HeaderMetric | SectionTitle | DashboardMetricCard | ColoredMetricCard | FarmAlertsCard | AlertLine | AgendaPreviewCard | AgendaPreviewTile | FarmModuleCard | OverviewCard | OverviewMetric | OverviewData | InventoryStatus,True,True,2
features/farm/presentation/screens/farm_form_screen.dart,farm,presentation,screen/widget,209,7237,1,1,FarmFormScreen,True,False,1
features/farm/presentation/screens/farm_list_screen.dart,farm,presentation,screen/widget,388,11156,4,1,FarmListScreen | EmptyFarmsMessage | FarmCard | FarmInformation,True,True,2
features/farm_agenda/data/services/farm_agenda_storage_service.dart,farm_agenda,data,service/engine,53,1468,1,2,FarmAgendaStorageService,False,False,6
features/farm_agenda/domain/models/farm_agenda_data.dart,farm_agenda,domain,model/contract,88,2138,0,0,FarmAgendaData,False,False,7
features/farm_agenda/presentation/screens/farm_agenda_form_screen.dart,farm_agenda,presentation,screen/widget,495,17647,1,1,FarmAgendaFormScreen,True,False,1
features/farm_agenda/presentation/screens/farm_agenda_list_screen.dart,farm_agenda,presentation,screen/widget,1090,33264,4,1,FarmAgendaListScreen | AgendaHeader | AgendaHeaderMetric | AgendaSummaryCard | AgendaFilterChip | AgendaTaskCard | AgendaInformation | AgendaBadge | EmptyAgendaMessage,True,True,2
features/farm_audit/data/services/atlas_farm_audit_history_service.dart,farm_audit,data,service/engine,97,2211,1,2,AtlasFarmAuditHistoryService,False,False,6
features/farm_audit/domain/models/atlas_farm_audit.dart,farm_audit,domain,model/contract,384,10576,1,0,AtlasFarmAudit | AtlasFarmAuditAreaResult | AtlasFarmAuditProblem | AtlasFarmAuditOpportunity | AtlasFarmAuditArea | AtlasFarmAuditClassification | AtlasFarmAuditAreaStatus | AtlasFarmAuditPriority,False,False,25
features/farm_audit/domain/services/atlas_farm_audit_engine.dart,farm_audit,domain,service/engine,614,16663,3,1,AtlasFarmAuditEngine,False,False,1
features/farm_audit/presentation/screens/atlas_farm_audit_screen.dart,farm_audit,presentation,screen/widget,947,27105,8,1,AtlasFarmAuditScreen,True,True,3
features/farm_finance/data/services/farm_finance_storage_service.dart,farm_finance,data,service/engine,55,1502,1,2,FarmFinanceStorageService,False,False,9
features/farm_finance/domain/models/farm_finance_data.dart,farm_finance,domain,model/contract,114,3770,0,0,FarmFinanceData,False,False,12
features/farm_finance/domain/services/farm_finance_event_service.dart,farm_finance,domain,service/engine,212,5825,4,0,FarmFinanceEventService,False,False,1
features/farm_finance/presentation/screens/farm_finance_form_screen.dart,farm_finance,presentation,screen/widget,224,13045,1,1,FarmFinanceFormScreen,True,False,1
features/farm_finance/presentation/screens/farm_finance_list_screen.dart,farm_finance,presentation,screen/widget,845,27348,5,1,FarmFinanceListScreen | FinanceHeader | FinanceSummaryCard | FinanceRecordCard | FinanceInformation | EmptyFinanceMessage,True,True,2
features/farm_finance/presentation/screens/finance_overview_screen.dart,farm_finance,presentation,screen/widget,572,18936,5,1,FinanceOverviewScreen | FinanceFarmContext,True,True,1
features/farm_inventory/data/services/farm_inventory_storage_service.dart,farm_inventory,data,service/engine,54,1503,1,2,FarmInventoryStorageService,False,False,10
features/farm_inventory/domain/models/farm_inventory_data.dart,farm_inventory,domain,model/contract,228,7737,0,0,FarmInventoryMovement | FarmInventoryData,False,False,13
features/farm_inventory/domain/services/farm_inventory_event_service.dart,farm_inventory,domain,service/engine,243,7136,4,0,FarmInventoryEventService,False,False,1
features/farm_inventory/presentation/screens/farm_inventory_form_screen.dart,farm_inventory,presentation,screen/widget,515,17687,1,1,FarmInventoryFormScreen,True,False,1
features/farm_inventory/presentation/screens/farm_inventory_list_screen.dart,farm_inventory,presentation,screen/widget,1448,45401,7,1,FarmInventoryListScreen | InventoryHeader | InventoryHeaderMetric | InventorySummaryCard | InventoryFilterChip | InventoryItemCard | InventoryInformation | InventoryStatusBadge | EmptyInventoryMessage | InventoryExpirationStatus,True,True,2
features/farm_inventory/presentation/screens/inventory_overview_screen.dart,farm_inventory,presentation,screen/widget,629,20867,5,1,InventoryOverviewScreen | InventoryFarmContext,True,True,1
features/farm_operations/data/services/atlas_operations_repository.dart,farm_operations,data,service/engine,32,2253,1,2,AtlasOperationsRepository,False,False,1
features/farm_operations/domain/models/atlas_farm_operation.dart,farm_operations,domain,model/contract,111,4187,0,0,AtlasOperationType | AtlasOperationStatus | AtlasOperationPriority | AtlasFarmOperation,False,False,3
features/farm_operations/domain/services/atlas_operations_engine.dart,farm_operations,domain,service/engine,20,1354,1,0,AtlasOperationsSummary | AtlasOperationsEngine,False,False,1
features/farm_operations/presentation/screens/atlas_operations_center_screen.dart,farm_operations,presentation,screen/widget,850,27082,3,1,AtlasOperationsCenterScreen,True,False,1
features/herd/data/services/herd_storage_service.dart,herd,data,service/engine,53,1425,1,2,HerdStorageService,False,False,9
features/herd/domain/models/herd_group_data.dart,herd,domain,model/contract,36,864,0,0,HerdGroupData,False,False,18
features/herd/presentation/screens/herd_group_form_screen.dart,herd,presentation,screen/widget,253,8727,1,1,HerdGroupFormScreen,True,False,1
features/herd/presentation/screens/herd_list_screen.dart,herd,presentation,screen/widget,911,28915,7,1,HerdListScreen | HerdDashboardHeader | HerdHeaderMetric | HerdIndicatorCard | HerdGroupCard | HerdGroupInformation | EmptyHerdMessage | HerdGroupStatistics,True,True,2
features/herd/presentation/screens/herd_overview_screen.dart,herd,presentation,screen/widget,581,18792,8,1,HerdOverviewScreen | HerdFarmOverview | HerdOverviewHeader | HerdOverviewIndicator | HerdFarmCard | HerdFarmMetric | EmptyHerdOverview,True,True,1
features/indicators/presentation/screens/indicators_screen.dart,indicators,presentation,screen/widget,1005,32944,12,1,IndicatorsScreen | IndicatorsHeader | HeaderMetric | IndicatorsSectionTitle | IndicatorMetricCard | IndicatorPanel | PanelMetric | IndicatorAttentionCard | AttentionLine | AnimalIndicatorContext,True,False,1
features/integration_hub/data/services/atlas_integration_repository.dart,integration_hub,data,service/engine,29,1738,1,2,AtlasIntegrationRepository,False,False,1
features/integration_hub/domain/models/atlas_integration_connection.dart,integration_hub,domain,model/contract,20,1946,0,0,AtlasIntegrationType | AtlasConnectionStatus | AtlasIntegrationConnection,False,False,2
features/integration_hub/presentation/screens/atlas_integration_center_screen.dart,integration_hub,presentation,screen/widget,60,6782,2,1,AtlasIntegrationCenterScreen,True,False,1
features/investment_capital_allocation/data/services/atlas_investment_repository.dart,investment_capital_allocation,data,service/engine,138,4219,1,2,AtlasInvestmentRepository,False,False,1
features/investment_capital_allocation/domain/models/atlas_capital_constraint.dart,investment_capital_allocation,domain,model/contract,45,1392,0,0,AtlasCapitalConstraint,False,False,2
features/investment_capital_allocation/domain/models/atlas_financing_simulation.dart,investment_capital_allocation,domain,model/contract,14,325,0,0,AtlasFinancingSimulation,False,False,2
features/investment_capital_allocation/domain/models/atlas_investment_portfolio.dart,investment_capital_allocation,domain,model/contract,53,1448,2,0,AtlasInvestmentProjectAnalysis | AtlasInvestmentPortfolio,False,False,2
features/investment_capital_allocation/domain/models/atlas_investment_project.dart,investment_capital_allocation,domain,model/contract,173,5806,0,0,AtlasInvestmentCategory | AtlasInvestmentDecision | AtlasInvestmentProject,False,False,4
features/investment_capital_allocation/domain/services/atlas_capital_allocation_engine.dart,investment_capital_allocation,domain,service/engine,237,8134,4,1,AtlasCapitalAllocationEngine,False,False,1
features/investment_capital_allocation/presentation/screens/atlas_investment_capital_screen.dart,investment_capital_allocation,presentation,screen/widget,554,21892,6,2,AtlasInvestmentCapitalScreen,True,True,2
features/knowledge_learning/data/services/atlas_knowledge_repository.dart,knowledge_learning,data,service/engine,64,2187,1,2,AtlasKnowledgeRepository,False,False,3
features/knowledge_learning/domain/models/atlas_knowledge_case.dart,knowledge_learning,domain,model/contract,190,6862,1,0,AtlasKnowledgeSource | AtlasKnowledgeStatus | AtlasKnowledgeCase | AtlasKnowledgeProtocol | AtlasKnowledgeOverview,False,False,5
features/knowledge_learning/domain/services/atlas_knowledge_learning_engine.dart,knowledge_learning,domain,service/engine,118,4554,4,0,AtlasKnowledgeLearningEngine,False,False,1
features/knowledge_learning/presentation/screens/atlas_knowledge_learning_screen.dart,knowledge_learning,presentation,screen/widget,792,29505,7,2,AtlasKnowledgeLearningScreen,True,True,3
features/mission_control/domain/models/atlas_mission_control_data.dart,mission_control,domain,model/contract,393,8262,1,0,AtlasMissionControlData | AtlasMissionPriority | AtlasMissionAlert | AtlasMissionWorkflowSummary | AtlasMissionDecisionSummary | AtlasMissionDailyAction | AtlasMissionControlStatus | AtlasMissionPriorityLevel | AtlasMissionUrgency | AtlasMissionSeverity | AtlasMissionSource | AtlasMissionWorkflowStatus,False,False,5
features/mission_control/domain/services/atlas_mission_control_service.dart,mission_control,domain,service/engine,584,18245,5,1,AtlasMissionControlService,False,False,2
features/mission_control/presentation/screens/atlas_mission_control_screen.dart,mission_control,presentation,screen/widget,822,24653,4,1,AtlasMissionControlScreen,True,False,2
features/nutrition/data/services/nutrition_storage_service.dart,nutrition,data,service/engine,37,1045,1,2,NutritionStorageService,False,False,2
features/nutrition/domain/models/nutrition_plan_data.dart,nutrition,domain,model/contract,234,8673,0,0,NutritionIngredientData | NutritionPlanData,False,False,5
features/nutrition/domain/services/nutrition_inventory_service.dart,nutrition,domain,service/engine,55,3022,3,0,NutritionInventoryResult | NutritionInventoryService,False,False,1
features/nutrition/presentation/screens/nutrition_overview_screen.dart,nutrition,presentation,screen/widget,494,28370,5,1,NutritionOverviewScreen | NutritionPlanDialog,True,False,1
features/observability/data/services/atlas_observability_repository.dart,observability,data,service/engine,93,3067,1,1,AtlasObservabilityRepository,False,False,1
features/observability/domain/models/atlas_observability_data.dart,observability,domain,model/contract,157,4511,0,1,AtlasHealthStatus | AtlasLogLevel | AtlasHealthCheck | AtlasSystemLog | AtlasObservabilityData,False,False,3
features/observability/domain/services/atlas_observability_engine.dart,observability,domain,service/engine,96,2887,1,1,AtlasObservabilityEngine,False,False,1
features/observability/presentation/screens/atlas_observability_dashboard.dart,observability,presentation,screen/widget,342,11325,3,1,AtlasObservabilityDashboard,False,False,1
features/offline_field/data/services/atlas_offline_repository.dart,offline_field,data,service/engine,113,3513,1,2,AtlasOfflineRepository,False,False,1
features/offline_field/domain/models/atlas_offline_record.dart,offline_field,domain,model/contract,108,2858,0,0,AtlasOfflineRecordType | AtlasOfflineRecordStatus | AtlasOfflineRecord,False,False,4
features/offline_field/domain/models/atlas_offline_sync_summary.dart,offline_field,domain,model/contract,53,1424,1,0,AtlasOfflineSyncSummary,False,False,1
features/offline_field/domain/services/atlas_offline_sync_engine.dart,offline_field,domain,service/engine,47,1083,1,0,AtlasOfflineSyncEngine,False,False,1
features/offline_field/presentation/screens/atlas_offline_field_screen.dart,offline_field,presentation,screen/widget,604,20996,4,1,AtlasOfflineFieldScreen,True,False,1
features/optimization_engine/domain/models/atlas_optimization_request.dart,optimization_engine,domain,model/contract,73,1904,0,0,AtlasOptimizationRequest | AtlasOptimizationObjective | AtlasOptimizationRiskTolerance,False,False,4
features/optimization_engine/domain/models/atlas_optimization_result.dart,optimization_engine,domain,model/contract,49,1435,2,0,AtlasOptimizationResult | AtlasOptimizationCandidate,False,False,4
features/optimization_engine/domain/services/atlas_optimization_engine.dart,optimization_engine,domain,service/engine,564,17260,6,1,AtlasOptimizationEngine,False,False,2
features/optimization_engine/presentation/screens/atlas_optimization_result_screen.dart,optimization_engine,presentation,screen/widget,447,12138,2,1,AtlasOptimizationResultScreen,True,True,2
features/optimization_engine/presentation/screens/atlas_optimization_screen.dart,optimization_engine,presentation,screen/widget,730,21622,6,2,AtlasOptimizationScreen,True,True,2
features/paddock/data/services/paddock_storage_service.dart,paddock,data,service/engine,53,1431,1,2,PaddockStorageService,False,False,4
features/paddock/domain/models/paddock_data.dart,paddock,domain,model/contract,27,632,0,0,PaddockData,False,False,5
features/paddock/presentation/screens/paddock_form_screen.dart,paddock,presentation,screen/widget,230,7691,1,1,PaddockFormScreen,True,False,1
features/paddock/presentation/screens/paddock_list_screen.dart,paddock,presentation,screen/widget,424,12520,4,1,PaddockListScreen | EmptyPaddocksMessage | PaddockCard | PaddockInformation,True,True,1
features/performance_center/domain/models/atlas_performance_snapshot.dart,performance_center,domain,model/contract,101,2716,1,0,AtlasPerformanceSnapshot | AtlasPerformanceKpi | AtlasPerformanceAlert | AtlasPerformanceTrend | AtlasPerformanceAlertSeverity,False,False,4
features/performance_center/domain/services/atlas_performance_engine.dart,performance_center,domain,service/engine,143,5998,3,0,AtlasPerformanceEngine,False,False,2
features/performance_center/presentation/screens/atlas_performance_center_screen.dart,performance_center,presentation,screen/widget,546,17085,8,1,AtlasPerformanceCenterScreen,True,True,2
features/performance_intelligence/data/services/atlas_performance_repository.dart,performance_intelligence,data,service/engine,65,3123,1,2,AtlasPerformanceRepository,False,False,1
features/performance_intelligence/domain/models/atlas_performance_analysis.dart,performance_intelligence,domain,model/contract,38,1139,1,0,AtlasPerformanceAlertSeverity | AtlasPerformanceAlert | AtlasKpiEvaluation | AtlasPerformanceScorecard,False,False,2
features/performance_intelligence/domain/models/atlas_performance_kpi.dart,performance_intelligence,domain,model/contract,77,3266,0,0,AtlasKpiCategory | AtlasKpiDirection | AtlasKpiStatus | AtlasPerformanceKpi,False,False,4
features/performance_intelligence/domain/services/atlas_performance_engine.dart,performance_intelligence,domain,service/engine,77,3790,2,0,AtlasPerformanceEngine,False,False,1
features/performance_intelligence/presentation/screens/atlas_performance_dashboard_screen.dart,performance_intelligence,presentation,screen/widget,323,17414,5,2,AtlasPerformanceDashboardScreen,True,True,2
features/portfolio_management/domain/models/atlas_portfolio_item.dart,portfolio_management,domain,model/contract,127,2989,3,0,AtlasPortfolioItem | AtlasPortfolioSummary,False,False,2
features/portfolio_management/domain/services/atlas_portfolio_management_engine.dart,portfolio_management,domain,service/engine,194,5720,4,0,AtlasPortfolioManagementEngine,False,False,1
features/portfolio_management/presentation/screens/atlas_portfolio_management_screen.dart,portfolio_management,presentation,screen/widget,481,14129,6,1,AtlasPortfolioManagementScreen,True,True,2
features/predictive/data/services/atlas_predictive_scenario_storage_service.dart,predictive,data,service/engine,196,4347,1,2,AtlasPredictiveScenarioStorageService,False,False,2
features/predictive/domain/models/atlas_predictive_scenario.dart,predictive,domain,model/contract,300,7422,2,0,AtlasPredictiveScenarioRequest | AtlasPredictiveScenarioResult | AtlasPredictiveFinancialImpact | AtlasPredictiveProjection | AtlasPredictiveAction | AtlasPredictiveScenarioRanking | AtlasPredictiveScenarioType | AtlasPredictiveProjectionKind | AtlasPredictiveEffort,False,False,6
features/predictive/domain/services/atlas_predictive_service.dart,predictive,domain,service/engine,859,28089,3,1,AtlasPredictiveService,False,False,2
features/predictive/presentation/screens/atlas_predictive_screen.dart,predictive,presentation,screen/widget,2233,62329,5,1,AtlasPredictiveScreen,True,False,1
features/predictive_ai/data/services/atlas_prediction_repository.dart,predictive_ai,data,service/engine,67,2625,1,2,AtlasPredictionRepository,False,False,1
features/predictive_ai/domain/models/atlas_predictive_scenario.dart,predictive_ai,domain,model/contract,111,4288,0,0,AtlasPredictionArea | AtlasRiskLevel | AtlasPredictiveScenario | AtlasPredictionResult,False,False,3
features/predictive_ai/domain/services/atlas_prediction_engine.dart,predictive_ai,domain,service/engine,61,2916,1,0,AtlasPredictionEngine,False,False,1
features/predictive_ai/presentation/screens/atlas_predictive_ai_screen.dart,predictive_ai,presentation,screen/widget,153,11207,4,2,AtlasPredictiveAiScreen,True,True,2
features/predictive_analytics/domain/models/atlas_predictive_analytics_data.dart,predictive_analytics,domain,model/contract,346,7746,1,0,AtlasPredictiveAnalyticsData | AtlasPredictiveForecast | AtlasPredictiveScenario | AtlasPredictiveRisk | AtlasPredictiveRecommendation | AtlasPredictiveAnalyticsStatus | AtlasPredictiveForecastKind | AtlasPredictiveScenarioType | AtlasPredictiveAnalyticsRiskLevel | AtlasPredictiveAnalyticsPriority,False,False,6
features/predictive_analytics/domain/services/atlas_predictive_analytics_service.dart,predictive_analytics,domain,service/engine,874,22966,2,1,AtlasPredictiveAnalyticsService,False,False,2
features/predictive_analytics/presentation/screens/atlas_predictive_analytics_screen.dart,predictive_analytics,presentation,screen/widget,1034,27942,2,1,AtlasPredictiveAnalyticsScreen,True,False,1
features/quality_center/data/services/atlas_quality_repository.dart,quality_center,data,service/engine,129,4442,1,2,AtlasQualityRepository,False,False,1
features/quality_center/domain/models/atlas_quality_data.dart,quality_center,domain,model/contract,141,3816,0,0,AtlasQualityCheck | AtlasQualityIncident | AtlasQualityState,False,False,3
features/quality_center/domain/services/atlas_quality_engine.dart,quality_center,domain,service/engine,43,1278,1,0,AtlasQualitySummary | AtlasQualityEngine,False,False,1
features/quality_center/presentation/screens/atlas_quality_center_screen.dart,quality_center,presentation,screen/widget,290,10819,3,1,AtlasQualityCenterScreen,True,False,1
features/recommendation_intelligence/domain/models/atlas_intelligent_recommendation.dart,recommendation_intelligence,domain,model/contract,106,2622,1,0,AtlasIntelligentRecommendation | AtlasRecommendationPortfolio,False,False,4
features/recommendation_intelligence/domain/services/atlas_recommendation_intelligence_engine.dart,recommendation_intelligence,domain,service/engine,417,12502,3,1,AtlasRecommendationIntelligenceEngine,False,False,2
features/recommendation_intelligence/presentation/screens/atlas_recommendation_intelligence_screen.dart,recommendation_intelligence,presentation,screen/widget,608,16031,7,1,AtlasRecommendationIntelligenceScreen,True,True,3
features/reporting/data/services/atlas_report_repository.dart,reporting,data,service/engine,68,2309,1,1,AtlasReportRepository,False,False,1
features/reporting/domain/models/atlas_report.dart,reporting,domain,model/contract,137,4150,0,1,AtlasReportType | AtlasReportStatus | AtlasReport,False,False,3
features/reporting/domain/services/atlas_report_engine.dart,reporting,domain,service/engine,72,2005,1,0,AtlasReportSummary | AtlasReportEngine,False,False,1
features/reporting/presentation/screens/atlas_reports_dashboard.dart,reporting,presentation,screen/widget,678,25567,3,2,AtlasReportsDashboard,False,False,1
features/reports/data/services/report_action_excel_service.dart,reports,data,service/engine,833,22248,2,1,ReportActionExcelService | ReportActionExcelData,False,False,1
features/reports/data/services/report_action_history_storage_service.dart,reports,data,service/engine,487,12645,1,2,ReportActionHistoryStorageService | ReportActionHistorySummary,False,False,5
features/reports/data/services/report_action_pdf_service.dart,reports,data,service/engine,1156,35427,3,4,ReportActionPdfService | ReportActionPdfData,False,False,1
features/reports/data/services/report_action_storage_service.dart,reports,data,service/engine,330,8170,1,2,ReportActionStorageService | ReportActionStorageSummary,False,False,5
features/reports/data/services/report_excel_service.dart,reports,data,service/engine,1299,36394,1,1,ReportExcelService | ExcelManagementInsight | ExcelInsightSeverity | ExcelActionDeadline | ExcelActionPlanItem,False,False,1
features/reports/data/services/report_pdf_service.dart,reports,data,service/engine,1734,55066,0,4,ReportPdfService | ReportPdfData | FarmPdfSummary | CategoryPdfData | ReportAlertPdfData | ReportAlertSeverity | PdfManagementInsight | PdfInsightSeverity | PdfActionDeadline | PdfActionPlanItem,False,False,2
features/reports/domain/models/report_action_history_data.dart,reports,domain,model/contract,329,9271,0,0,ReportActionHistoryData,False,False,11
features/reports/domain/models/report_action_item_data.dart,reports,domain,model/contract,267,6403,0,0,ReportActionItemData,False,False,17
features/reports/presentation/screens/report_action_list_screen.dart,reports,presentation,screen/widget,2033,66568,9,1,ReportActionListScreen | ReportActionViewMode | ActionListHeader | ActionHeaderMetric | ActionPerformanceCard | ActionPerformanceMetric | ActionFiltersCard | ReportActionCard | ActionInformationChip | EmptyActionListCard | ReportActionFormDialog,True,False,4
features/reports/presentation/screens/reports_screen.dart,reports,presentation,screen/widget,2523,79948,18,1,ReportsScreen | ReportsFilterCard | ReportsHeader | ReportsHeaderMetric | ReportsSectionTitle | ReportMetricCard | FinancialDistributionCard | FinancialProgressRow | ExpenseCategoriesCard | RankingCard | FarmReportCard | FarmReportMetric | EmptyReportsMessage | ReportExportType | FarmReportData | CategoryReportData | RankingType,True,True,1
features/reports/presentation/widgets/report_action_analytics_card.dart,reports,presentation,screen/widget,787,24867,2,1,ReportActionAnalyticsCard | ReportActionAnalyticsMetric | ReportActionResponsibilityCard | ReportActionResponsibilityRow | ReportActionAnalyticsRecommendation | ReportActionAnalytics | ReportActionResponsibilityItem | ReportActionAnalyticsRecommendationData,False,False,3
features/reports/presentation/widgets/report_action_history_dialog.dart,reports,presentation,screen/widget,582,17586,3,1,ReportActionHistoryDialog | ReportActionHistoryHeaderChip | ReportActionHistoryTimelineItem | ReportActionHistoryValueBox | ReportActionHistoryMetaChip | ReportActionHistoryEmptyState,False,False,1
features/reports/presentation/widgets/report_action_kanban_board.dart,reports,presentation,screen/widget,778,25936,1,1,ReportActionKanbanBoard | ReportActionKanbanColumn | ReportActionKanbanCard | ReportActionDragFeedback | ReportActionKanbanTag | ReportActionKanbanColumnData | ReportActionKanbanEmptyState,False,False,1
features/reports/presentation/widgets/report_action_plan_card.dart,reports,presentation,screen/widget,570,16980,1,1,ReportActionPlanCard | ReportActionSummaryChip | ReportActionPlanTile | ReportActionDeadlineBadge | ReportActionInformation | ReportActionPlanEmptyState | ReportActionPlanItem | ReportActionDeadline,False,False,1
features/reports/presentation/widgets/report_chart_widgets.dart,reports,presentation,screen/widget,1025,27989,0,2,ReportMonthlyPoint | ReportCategoryPoint | ReportFarmComparisonPoint | ReportFinancialEvolutionCard | ReportExpenseCategoryChart | ReportFarmComparisonChart | ReportBalanceTrendCard | ReportChartContainer | ReportChartLegend | ReportChartLegendItem | ReportChartEmptyState,False,False,1
features/reports/presentation/widgets/report_management_insights_card.dart,reports,presentation,screen/widget,611,20205,0,1,ReportManagementInsightData | ReportManagementInsightsCard | ReportInsightCounter | ReportManagementInsightTile | ReportManagementInsight | ReportInsightSeverity,False,False,2
features/reports/presentation/widgets/report_period_comparison_card.dart,reports,presentation,screen/widget,347,10794,0,1,ReportPeriodComparisonData | ReportPeriodComparisonCard | ReportComparisonMetric,False,False,1
features/scenario_simulator/domain/models/atlas_simulation.dart,scenario_simulator,domain,model/contract,180,5678,1,0,AtlasSimulation | AtlasSimulationChanges,False,False,5
features/scenario_simulator/domain/models/atlas_simulation_result.dart,scenario_simulator,domain,model/contract,67,1845,2,0,AtlasSimulationResult | AtlasSimulationRiskLevel,False,False,5
features/scenario_simulator/domain/services/atlas_digital_twin_cloner.dart,scenario_simulator,domain,support,14,294,1,0,AtlasDigitalTwinCloner,False,False,1
features/scenario_simulator/domain/services/atlas_scenario_engine.dart,scenario_simulator,domain,service/engine,475,12811,5,1,AtlasScenarioEngine,False,False,2
features/scenario_simulator/domain/services/atlas_simulation_service.dart,scenario_simulator,domain,service/engine,131,2951,4,2,AtlasSimulationService,False,False,1
features/scenario_simulator/presentation/screens/atlas_scenario_result_screen.dart,scenario_simulator,presentation,screen/widget,528,15334,1,1,AtlasScenarioResultScreen,True,False,2
features/scenario_simulator/presentation/screens/atlas_scenario_simulator_screen.dart,scenario_simulator,presentation,screen/widget,940,30295,6,2,AtlasScenarioSimulatorScreen,True,True,1
features/strategic_alignment/domain/models/atlas_strategic_alignment.dart,strategic_alignment,domain,model/contract,187,4008,1,0,AtlasStrategicObjective | AtlasKeyResult | AtlasStrategyAlignmentItem | AtlasStrategicAlignmentAssessment | AtlasStrategicHorizon | AtlasAlignmentStatus,False,False,2
features/strategic_alignment/domain/services/atlas_strategic_alignment_engine.dart,strategic_alignment,domain,service/engine,330,9852,3,0,AtlasStrategicAlignmentEngine,False,False,1
features/strategic_alignment/presentation/screens/atlas_strategic_alignment_screen.dart,strategic_alignment,presentation,screen/widget,541,14847,4,1,AtlasStrategicAlignmentScreen,True,True,2
features/strategic_capacity/domain/models/atlas_capacity_dependency.dart,strategic_capacity,domain,model/contract,153,3675,1,0,AtlasCapacityAssessment | AtlasCapacityItem | AtlasStrategyDependency | AtlasCapacityConflict | AtlasStrategyDependencyStatus | AtlasCapacityConflictSeverity,False,False,2
features/strategic_capacity/domain/services/atlas_capacity_dependency_engine.dart,strategic_capacity,domain,service/engine,306,8850,2,0,AtlasCapacityDependencyEngine,False,False,1
features/strategic_capacity/presentation/screens/atlas_strategic_capacity_screen.dart,strategic_capacity,presentation,screen/widget,641,17559,4,1,AtlasStrategicCapacityScreen,True,True,2
features/strategic_execution_engine/data/services/atlas_execution_repository.dart,strategic_execution_engine,data,service/engine,66,3479,1,2,AtlasExecutionRepository,False,False,1
features/strategic_execution_engine/domain/models/atlas_execution_analysis.dart,strategic_execution_engine,domain,model/contract,28,852,1,0,AtlasExecutionAlert | AtlasExecutionAnalysis,False,False,2
features/strategic_execution_engine/domain/models/atlas_execution_plan.dart,strategic_execution_engine,domain,model/contract,99,4635,0,0,AtlasExecutionTaskStatus | AtlasExecutionPriority | AtlasDate | AtlasExecutionTask | AtlasExecutionPlan,False,False,4
features/strategic_execution_engine/domain/services/atlas_execution_engine.dart,strategic_execution_engine,domain,service/engine,48,3103,2,0,AtlasExecutionEngine,False,False,1
features/strategic_execution_engine/presentation/screens/atlas_execution_engine_screen.dart,strategic_execution_engine,presentation,screen/widget,234,19030,5,2,AtlasExecutionEngineScreen,True,True,2
features/strategic_scenario_planning/data/services/atlas_strategic_scenario_repository.dart,strategic_scenario_planning,data,service/engine,209,5997,1,2,AtlasStrategicScenarioRepository,False,False,1
features/strategic_scenario_planning/domain/models/atlas_scenario_analysis.dart,strategic_scenario_planning,domain,model/contract,113,2791,1,0,AtlasScenarioAnalysis | AtlasScenarioPortfolioAnalysis | AtlasScenarioClassification,False,False,2
features/strategic_scenario_planning/domain/models/atlas_strategic_scenario.dart,strategic_scenario_planning,domain,model/contract,347,10510,0,0,AtlasStrategicScenario | AtlasProductiveImpacts | AtlasScenarioRisks | AtlasStrategicScenarioType,False,False,4
features/strategic_scenario_planning/domain/services/atlas_strategic_scenario_engine.dart,strategic_scenario_planning,domain,service/engine,292,7446,2,1,AtlasStrategicScenarioEngine,False,False,1
features/strategic_scenario_planning/presentation/screens/atlas_strategic_scenario_planning_screen.dart,strategic_scenario_planning,presentation,screen/widget,887,27619,5,1,AtlasStrategicScenarioPlanningScreen,True,True,2
features/strategy_center/data/services/atlas_strategy_loader_service.dart,strategy_center,data,service/engine,331,9827,4,0,AtlasStrategyLoaderService,False,False,1
features/strategy_center/domain/models/atlas_strategy_data.dart,strategy_center,domain,model/contract,296,7629,0,0,AtlasStrategyData | AtlasStrategyObjective | AtlasStrategyPriority | AtlasStrategyInitiative | AtlasStrategyRisk | AtlasStrategyOpportunity | AtlasStrategyInput | AtlasStrategyCategory | AtlasStrategyStatus | AtlasStrategyItemStatus | AtlasStrategyPriorityLevel | AtlasStrategyRiskLevel,False,False,5
features/strategy_center/domain/services/atlas_strategy_service.dart,strategy_center,domain,service/engine,182,4469,1,0,AtlasStrategyService,False,False,1
features/strategy_center/presentation/screens/atlas_strategy_center_screen.dart,strategy_center,presentation,screen/widget,446,14936,1,1,AtlasStrategyCenterScreen,True,False,1
features/strategy_execution/data/services/atlas_strategy_execution_repository.dart,strategy_execution,data,service/engine,87,2058,1,2,AtlasStrategyExecutionRepository,False,False,5
features/strategy_execution/domain/models/atlas_strategy_execution_plan.dart,strategy_execution,domain,model/contract,464,12707,2,0,AtlasStrategyExecutionPlan | AtlasStrategyExecutionPhase | AtlasStrategyMilestone | AtlasStrategyDecisionGate | AtlasStrategyExecutionStatus | AtlasStrategyMilestoneStatus | AtlasStrategyGateDecision,False,False,11
features/strategy_execution/domain/services/atlas_strategy_execution_engine.dart,strategy_execution,domain,service/engine,249,8481,2,0,AtlasStrategyExecutionEngine,False,False,1
features/strategy_execution/presentation/screens/atlas_strategy_execution_screen.dart,strategy_execution,presentation,screen/widget,760,21881,6,1,AtlasStrategyExecutionScreen,True,True,3
features/sync_platform/data/services/atlas_sync_repository.dart,sync_platform,data,service/engine,97,3472,1,2,AtlasSyncRepository,False,False,1
features/sync_platform/domain/models/atlas_sync_data.dart,sync_platform,domain,model/contract,170,4894,0,1,AtlasSyncStatus | AtlasSyncPriority | AtlasSyncItem | AtlasSyncSettings | AtlasSyncState | AtlasSyncSummary,False,False,3
features/sync_platform/domain/services/atlas_sync_engine.dart,sync_platform,domain,service/engine,60,2170,1,0,AtlasSyncEngine,False,False,1
features/sync_platform/presentation/screens/atlas_sync_dashboard_screen.dart,sync_platform,presentation,screen/widget,320,11451,3,1,AtlasSyncDashboardScreen,True,False,1
features/technical_dashboard/domain/models/technical_atlas_score.dart,technical_dashboard,domain,model/contract,331,11829,1,0,TechnicalAtlasScorePillar | TechnicalAtlasPriorityAction | TechnicalAtlasScore,False,False,3
features/technical_dashboard/domain/models/technical_dashboard_analysis.dart,technical_dashboard,domain,model/contract,76,3212,10,0,TechnicalDashboardAnalysis,False,False,2
features/technical_dashboard/domain/models/technical_dashboard_period.dart,technical_dashboard,domain,model/contract,61,1748,0,0,TechnicalDashboardPeriod | TechnicalDashboardPeriodX,False,False,3
features/technical_dashboard/domain/models/technical_executive_diagnosis.dart,technical_dashboard,domain,model/contract,106,4130,2,0,TechnicalExecutiveDiagnosis,False,False,2
features/technical_dashboard/domain/models/technical_farm_summary.dart,technical_dashboard,domain,model/contract,221,8060,7,0,TechnicalFarmSummary,False,False,5
features/technical_dashboard/domain/models/technical_financial_series_point.dart,technical_dashboard,domain,model/contract,16,341,0,0,TechnicalFinancialSeriesPoint,False,False,3
features/technical_dashboard/domain/models/technical_health_series_point.dart,technical_dashboard,domain,model/contract,20,459,0,0,TechnicalHealthSeriesPoint,False,False,3
features/technical_dashboard/domain/models/technical_inventory_series_point.dart,technical_dashboard,domain,model/contract,21,485,0,0,TechnicalInventorySeriesPoint,False,False,3
features/technical_dashboard/domain/models/technical_nutrition_series_point.dart,technical_dashboard,domain,model/contract,18,417,0,0,TechnicalNutritionSeriesPoint,False,False,3
features/technical_dashboard/domain/models/technical_reproduction_series_point.dart,technical_dashboard,domain,model/contract,18,437,0,0,TechnicalReproductionSeriesPoint,False,False,3
features/technical_dashboard/domain/models/technical_weight_series_point.dart,technical_dashboard,domain,model/contract,16,374,0,0,TechnicalWeightSeriesPoint,False,False,3
features/technical_dashboard/domain/services/technical_dashboard_service.dart,technical_dashboard,domain,service/engine,721,26450,25,0,TechnicalDashboardService,False,False,1
features/technical_dashboard/presentation/screens/technical_dashboard_screen.dart,technical_dashboard,presentation,screen/widget,2740,88362,14,3,TechnicalDashboardScreen,True,False,1
features/unified_workflow/domain/models/atlas_automation_execution.dart,unified_workflow,domain,model/contract,50,1437,0,0,AtlasAutomationExecution,False,False,2
features/unified_workflow/domain/models/atlas_automation_rule.dart,unified_workflow,domain,model/contract,111,3512,1,0,AtlasAutomationRule | AtlasAutomationActionType,False,False,2
features/unified_workflow/domain/services/atlas_unified_workflow_engine.dart,unified_workflow,domain,service/engine,293,10105,6,2,AtlasUnifiedWorkflowEngine,False,False,2
features/unified_workflow/presentation/screens/atlas_unified_workflow_screen.dart,unified_workflow,presentation,screen/widget,540,17659,4,1,AtlasUnifiedWorkflowScreen,True,False,1
features/value_governance/data/services/atlas_value_governance_repository.dart,value_governance,data,service/engine,68,1685,1,2,AtlasValueGovernanceRepository,False,False,2
features/value_governance/domain/models/atlas_value_governance.dart,value_governance,domain,model/contract,125,4334,0,0,AtlasValueGovernanceDecision | AtlasValueGovernanceDecisionType,False,False,5
features/value_governance/domain/services/atlas_value_governance_engine.dart,value_governance,domain,service/engine,166,5334,2,0,AtlasValueGovernanceEngine,False,False,1
features/value_governance/presentation/screens/atlas_value_governance_screen.dart,value_governance,presentation,screen/widget,438,12652,6,1,AtlasValueGovernanceScreen,True,True,2
features/workflow_engine/domain/models/atlas_workflow_data.dart,workflow_engine,domain,model/contract,299,7052,1,0,AtlasWorkflowData | AtlasWorkflow | AtlasWorkflowTask | AtlasWorkflowBottleneck | AtlasWorkflowReplanningSuggestion | AtlasWorkflowStatus | AtlasWorkflowTaskStatus | AtlasWorkflowBottleneckSeverity | AtlasWorkflowReplanningPriority,False,False,7
features/workflow_engine/domain/services/atlas_workflow_event_service.dart,workflow_engine,domain,service/engine,318,8667,4,0,AtlasWorkflowEventService,False,False,1
features/workflow_engine/domain/services/atlas_workflow_service.dart,workflow_engine,domain,service/engine,514,12844,2,1,AtlasWorkflowService,False,False,3
features/workflow_engine/presentation/screens/atlas_workflow_screen.dart,workflow_engine,presentation,screen/widget,1126,32732,3,2,AtlasWorkflowScreen,True,False,0
main.dart,app,main.dart,bootstrap/routing,6,108,1,1,,False,False,0
shared/theme/app_theme.dart,app,shared,support,34,811,0,1,AppTheme,False,False,1
