lines,path,priority
9704,lib/features/dashboard/presentation/screens/executive_dashboard_screen.dart,P0
5885,lib/features/animal/presentation/screens/animal_detail_screen.dart,P0
4084,backend/app/routers/livestock.py,P0
3138,lib/features/farm/presentation/screens/farm_detail_screen.dart,P0
2796,backend/app/models/legacy.py,P0
2641,lib/features/reports/presentation/screens/reports_screen.dart,P0
2400,backend/app/schemas/legacy.py,P1
2276,lib/features/dashboard/presentation/screens/dashboard_screen.dart,P1
2033,lib/features/reports/presentation/screens/report_action_list_screen.dart,P1
2033,lib/features/atlas_bi/presentation/screens/atlas_bi_hub_screen.dart,P1
2008,lib/core/operational_intelligence/action_plan/atlas_inventory_management_screen.dart,P1
1970,lib/features/farm/domain/services/atlas_farm_intelligence_service.dart,P1
1923,lib/features/atlas_ai/presentation/screens/atlas_ai_screen.dart,P1
1734,lib/features/reports/data/services/report_pdf_service.dart,P1
1686,lib/features/atlas_ai/domain/services/atlas_ai_response_service.dart,P1
1574,lib/features/predictive/presentation/screens/atlas_predictive_screen.dart,P1
1546,lib/core/operational_intelligence/action_plan/atlas_asset_maintenance_screen.dart,P1
1541,lib/features/farm_agenda/presentation/screens/farm_agenda_list_screen.dart,P1
1528,lib/features/dashboard/presentation/screens/executive_decision_center_screen.dart,P1
1519,lib/features/farm_inventory/presentation/screens/farm_inventory_list_screen.dart,P1
1431,lib/features/animal_event/presentation/screens/animal_timeline_screen.dart,P2
1429,lib/features/executive_kpis/presentation/screens/atlas_executive_kpis_screen.dart,P2
1384,lib/features/farm_handling/presentation/screens/farm_handling_screen.dart,P2
1376,lib/features/dashboard/domain/services/executive_dashboard_service.dart,P2
1341,lib/features/nutrition/presentation/screens/nutrition_overview_screen.dart,P2
1299,lib/features/reports/data/services/report_excel_service.dart,P2
1294,lib/features/executive_alerts/presentation/screens/atlas_executive_alerts_screen.dart,P2
1289,lib/features/dashboard/presentation/widgets/executive_opinion_card.dart,P2
1267,lib/features/dashboard/presentation/screens/atlas_operations_intelligence_screen.dart,P2
1267,lib/features/dashboard/presentation/screens/atlas_intelligence_screen.dart,P2
1249,lib/core/operational_intelligence/action_plan/atlas_command_center_action_plan_screen.dart,P2
1248,lib/features/dashboard/data/services/executive_dashboard_excel_service.dart,P2
1222,lib/features/executive_goals/presentation/screens/atlas_executive_goals_screen.dart,P2
1181,lib/features/diagnostics/presentation/screens/atlas_comparative_diagnostic_screen.dart,P2
1180,lib/features/herd/presentation/screens/herd_overview_screen.dart,P2
1156,lib/features/reports/data/services/report_action_pdf_service.dart,P2
1134,backend/app/migrations/reconciliation.py,P2
1129,lib/features/executive_brain/presentation/screens/atlas_executive_brain_screen.dart,P2
1108,lib/features/atlas_enterprise_50/presentation/screens/atlas_enterprise_50_screen.dart,P2
1071,lib/features/dashboard/domain/services/decision_score_engine.dart,P2
1064,lib/features/dashboard/data/services/executive_dashboard_pdf_service.dart,P2
1063,lib/core/operational_intelligence/action_plan/atlas_health_intelligence_screen.dart,P2
1054,lib/features/technical_dashboard/presentation/screens/technical_dashboard_screen.dart,P2
1054,lib/features/consultancy_client/presentation/screens/atlas_client_consultancy_center_screen.dart,P2
1051,lib/features/animal/presentation/screens/animal_list_screen.dart,P2
1046,lib/features/dashboard/presentation/screens/decision_scenario_simulator_screen.dart,P2
1046,lib/features/animal_intelligence_360/presentation/screens/animal_intelligence_360_screen.dart,P2
1046,lib/core/operational_intelligence/action_plan/atlas_agriculture_screen.dart,P2
1045,lib/features/dashboard/domain/services/atlas_copilot_service.dart,P2
1025,lib/features/reports/presentation/widgets/report_chart_widgets.dart,P2
1011,lib/features/animal_operations_center/presentation/screens/animal_operations_center_screen.dart,P2
1006,lib/features/indicators/presentation/screens/indicators_screen.dart,P2
1005,lib/features/diagnostics/presentation/screens/atlas_diagnostic_screen.dart,P2
1001,lib/features/executive_alerts/domain/services/atlas_executive_alert_service.dart,P2
989,lib/core/operational_intelligence/action_plan/atlas_reproductive_intelligence_screen.dart,P2
981,lib/core/operational_intelligence/action_plan/atlas_financial_management_screen.dart,P2
969,lib/core/operational_intelligence/action_plan/atlas_people_management_screen.dart,P2
968,lib/features/decision_intelligence_lab/presentation/screens/atlas_decision_intelligence_lab_screen.dart,P2
962,lib/features/dashboard/domain/services/executive_opinion_service.dart,P2
939,lib/features/scenario_simulator/presentation/screens/atlas_scenario_simulator_screen.dart,P2
931,backend/app/services/monthly_bulletins.py,P2
928,lib/features/dr_beserra/data/services/dr_beserra_command_gateway.dart,P2
915,lib/core/operational_intelligence/action_plan/atlas_commercial_screen.dart,P2
911,lib/features/animal_document/presentation/screens/animal_document_list_screen.dart,P2
901,lib/features/farm_finance/presentation/screens/farm_finance_list_screen.dart,P2
901,lib/features/dashboard/domain/services/atlas_operations_intelligence_service.dart,P2
901,lib/features/dashboard/domain/services/atlas_intelligence_service.dart,P2
891,lib/core/operational_intelligence/action_plan/atlas_strategy_performance_screen.dart,P2
888,lib/features/enterprise_platform/presentation/screens/atlas_enterprise_platform_screen.dart,P2
886,lib/features/strategic_scenario_planning/presentation/screens/atlas_strategic_scenario_planning_screen.dart,P2
879,backend/app/routers/auth.py,P2
870,lib/features/herd/presentation/screens/herd_list_screen.dart,P2
864,lib/features/atlas_precision_livestock/presentation/screens/atlas_precision_livestock_screen.dart,P2
862,lib/core/operational_intelligence/presentation/screens/atlas_command_center_details_screen.dart,P2
860,lib/features/copilot/presentation/screens/atlas_copilot_history_screen.dart,P2
859,lib/features/predictive/domain/services/atlas_predictive_service.dart,P2
858,lib/features/atlas_finance_enterprise/presentation/screens/atlas_finance_enterprise_screen.dart,P2
850,lib/features/farm_operations/presentation/screens/atlas_operations_center_screen.dart,P2
849,lib/features/strategic_execution_engine/presentation/screens/atlas_execution_engine_screen.dart,P2
843,lib/features/atlas_sustainability_enterprise/presentation/screens/atlas_sustainability_enterprise_screen.dart,P2
840,lib/features/knowledge_learning/presentation/screens/atlas_knowledge_learning_screen.dart,P2
835,lib/features/atlas_advanced_ai/presentation/screens/atlas_advanced_ai_screen.dart,P2
833,lib/features/reports/data/services/report_action_excel_service.dart,P2
829,lib/features/decision_engine/domain/services/atlas_decision_engine_service.dart,P2
829,lib/core/operational_intelligence/action_plan/atlas_results_intelligence_screen.dart,P2
828,lib/features/farm/presentation/screens/atlas_farm_intelligence_screen.dart,P2
827,lib/features/workflow_engine/presentation/screens/atlas_workflow_screen.dart,P2
827,lib/features/atlas_commercial_enterprise/presentation/screens/atlas_commercial_enterprise_screen.dart,P2
820,lib/features/copilot/presentation/screens/atlas_copilot_screen.dart,P2
819,lib/features/technical_dashboard/domain/services/technical_dashboard_service.dart,P2
814,lib/core/navigation/atlas_home_shell.dart,P2
812,lib/features/performance_intelligence/presentation/screens/atlas_performance_dashboard_screen.dart,P2
809,lib/features/mission_control/presentation/screens/atlas_mission_control_screen.dart,P2
809,lib/features/atlas_reproductive_premium/presentation/screens/atlas_reproductive_premium_screen.dart,P2
806,lib/features/atlas_commercial_operations/presentation/screens/atlas_commercial_operations_screen.dart,P2
804,lib/features/atlas_geospatial_platform/presentation/screens/atlas_geospatial_screen.dart,P2
803,lib/features/atlas_autonomous_enterprise/presentation/screens/atlas_autonomous_enterprise_screen.dart,P2
800,lib/features/animal_health/presentation/screens/health_overview_screen.dart,P2
799,lib/features/atlas_governance_operations/presentation/screens/atlas_governance_operations_screen.dart,P2
799,lib/features/atlas_executive_intelligence/presentation/screens/atlas_executive_intelligence_screen.dart,P2
797,lib/features/atlas_enterprise_operations/presentation/screens/atlas_enterprise_operations_screen.dart,P2
794,lib/features/atlas_platform_resilience/presentation/screens/atlas_platform_resilience_screen.dart,P2
794,lib/features/atlas_environmental_ai/presentation/screens/atlas_environmental_ai_screen.dart,P2
791,lib/features/atlas_saas_platform/presentation/screens/atlas_saas_platform_screen.dart,P2
791,lib/features/atlas_rural_business/presentation/screens/atlas_rural_business_screen.dart,P2
791,lib/features/atlas_financial_integrations/presentation/screens/atlas_financial_integrations_screen.dart,P2
788,lib/features/animal_reproduction/presentation/screens/animal_reproduction_list_screen.dart,P2
787,lib/features/reports/presentation/widgets/report_action_analytics_card.dart,P2
787,lib/features/animal_reproduction/presentation/screens/reproduction_overview_screen.dart,P2
780,lib/features/atlas_copilot/presentation/screens/atlas_copilot_screen.dart,P2
779,lib/features/predictive_analytics/presentation/screens/atlas_predictive_analytics_screen.dart,P2
778,lib/features/reports/presentation/widgets/report_action_kanban_board.dart,P2
778,lib/features/executive_brain/domain/services/atlas_executive_brain_service.dart,P2
777,lib/features/atlas_predictive_ai_suite/presentation/screens/atlas_predictive_ai_screen.dart,P2
777,lib/features/atlas_os/presentation/screens/atlas_os_screen.dart,P2
773,lib/features/farm_finance/presentation/screens/finance_overview_screen.dart,P2
769,lib/features/dashboard/data/services/executive_opinion_pdf_service.dart,P2
766,lib/features/farm_audit/presentation/screens/atlas_farm_audit_screen.dart,P2
762,lib/core/operational_intelligence/action_plan/atlas_reproductive_strategy_screen.dart,P2
761,lib/features/executive_kpis/presentation/screens/atlas_executive_kpi_history_screen.dart,P2
